Reserv.no., Itm,RcT,MvT,Material,Material description,ReqmtsDate,Reqmts qty,BUn,Qty. withdr.,BUn,Difference,BUn,PGr,Bin,User name,Base date,Plnt,SLoc,Plant,Rec.,Del,FIs,G/L acct,Cost ctr,Vendor
,,,,,,,,,,,,,,,,,,,,,,,,,
1215823288,1,,9L7,VEW1900,MUSIC STAND 001192 WHITE GRAIN,10.09.2025,10,PC,0,PC,10,PC,,,BP5018200,04.09.2025,8200,WM06,8200,WL01,,,,,
1215823289,1,,9L7,VEF9290,FRONT RAIL 001192 WHITE GRAIN,10.09.2025,10,PC,0,PC,10,PC,,,BP5018200,04.09.2025,8200,WM10,8200,WL01,,,,,
1215823292,1,,9L7,VEF8710,ARM ASSY L 001191 BLACK GRAIN,10.09.2025,20,PC,0,PC,20,PC,,,BP5018200,04.09.2025,8200,WM06,8200,WL01,,,,,
1215823293,1,,9L7,VEF8720,ARM ASSY R 001191 BLACK GRAIN,10.09.2025,20,PC,0,PC,20,PC,,,BP5018200,04.09.2025,8200,WM06,8200,WL01,,,,,
1215823294,1,,9L7,VEW1890,MUSIC STAND 001191 BLACK GRAIN,10.09.2025,20,PC,0,PC,20,PC,,,BP5018200,04.09.2025,8200,WM06,8200,WL01,,,,,
1215823295,1,,9L7,VEF9280,FRONT RAIL 001191 BLACK GRAIN,10.09.2025,20,PC,0,PC,20,PC,,,BP5018200,04.09.2025,8200,WM10,8200,WL01,,,,,
1215823296,1,,9L7,VEF9450,FRONT PANEL 001191 BLACK GRAIN,10.09.2025,20,PC,0,PC,20,PC,,,BP5018200,04.09.2025,8200,WM06,8200,WL01,,,,,
1215823300,1,,9L7,VGN0350,MUSIC REST ASSY 001922,10.09.2025,20,PC,0,PC,20,PC,,,BP5018200,04.09.2025,8200,WM10,8200,WL01,,,,,
1215823302,1,,9L7,VGH3310,REAR PANEL ASSY 001910,10.09.2025,30,PC,0,PC,30,PC,,,BP5018200,04.09.2025,8200,WM10,8200,WL01,,,,,
1215823304,1,,9L7,VGH5660,SIDE BOARD R 001910,10.09.2025,30,PC,0,PC,30,PC,,,BP5018200,04.09.2025,8200,WM06,8200,WL01,,,,,
1215823307,1,,9L7,VEH2510,FRONT RAIL 001370,10.09.2025,30,PC,0,PC,30,PC,,,BP5018200,04.09.2025,8200,WM10,8200,WL02,,,,,
1215823357,1,,9L7,ZA76920,FRONT RAIL #3238,10.09.2025,10,PC,0,PC,10,PC,999,,BP5018200,04.09.2025,8200,WM10,8200,WL06,,,,,
1215823361,1,,9L7,VAH2890,SIDE SPACER R 000136,10.09.2025,5,PC,3,PC,2,PC,,,BP5018200,04.09.2025,8200,WM06,8200,WL06,,,,,
1215823383,1,,9L7,ZA74620,REAR PANEL ASSY #3238,10.09.2025,10,PC,0,PC,10,PC,999,,BP5018200,04.09.2025,8200,WM10,8200,WL06,,,,,
1215823416,1,,9L7,VEW2850,P-BOX SUB ASSY 001370,10.09.2025,30,PC,0,PC,30,PC,,,BP5018200,04.09.2025,8200,WM10,8200,WL02,,,,,
1215823418,1,,9L7,VAH3600,SIDE BOARD L 000136,10.09.2025,10,PC,3,PC,7,PC,,,BP5018200,04.09.2025,8200,WM06,8200,WL06,,,,,
1215823419,1,,9L7,VAH3610,SIDE BOARD R 000136,10.09.2025,10,PC,4,PC,6,PC,,,BP5018200,04.09.2025,8200,WM06,8200,WL06,,,,,
1215823420,1,,9L7,VEF9010,SP BOX ASSY 001192 WHITE GRAIN,10.09.2025,10,PC,0,PC,10,PC,,,BP5018200,04.09.2025,8200,WM10,8200,WL01,,,,,
1215823423,1,,9L7,VEF9460,FRONT PANEL 001192 WHITE GRAIN,10.09.2025,10,PC,0,PC,10,PC,,,BP5018200,04.09.2025,8200,WM06,8200,WL01,,,,,
1215823424,1,,9L7,VEF9360,BACK TOP RAIL S-ASSY 001191,10.09.2025,30,PC,0,PC,30,PC,,,BP5018200,04.09.2025,8200,WM10,8200,WL01,,,,,
1215823425,1,,9L7,VAH252A,TOP BOARD WOODENASSY 000136,10.09.2025,10,PC,0,PC,10,PC,,,BP5018200,04.09.2025,8200,WM06,8200,WL06,,,,,
1215823434,1,,9L7,VGH5850,FRONT LEG 001910,10.09.2025,70,PC,0,PC,70,PC,,,BP5018200,04.09.2025,8200,WM06,8200,WL01,,,,,
1215823455,1,,9L7,VAH5730,KEY COVER SUB ASSY 000136,10.09.2025,10,PC,0,PC,10,PC,,,BP5018200,04.09.2025,8200,WM10,8200,WL06,,,,,
1215823456,1,,9L7,VAU4100,SP BOX ASSY 000136,10.09.2025,5,PC,0,PC,5,PC,,,BP5018200,04.09.2025,8200,WM10,8200,WL06,,,,,
1215823458,1,,9L7,VGH4960,FRONT RAIL 001910,10.09.2025,30,PC,0,PC,30,PC,,,BP5018200,04.09.2025,8200,WM10,8200,WL01,,,,,
1215823459,1,,9L7,ZC63860,SP COVER :,10.09.2025,100,PC,0,PC,100,PC,999,,BP5018200,04.09.2025,8200,WM04,8200,WL01,,,,,
1215823461,1,,9L7,VAH2540,ARM ASSY L 000136,10.09.2025,5,PC,0,PC,5,PC,,,BP5018200,04.09.2025,8200,WM06,8200,WL06,,,,,
1215823462,1,,9L7,VAH2560,ARM ASSY R 000136,10.09.2025,5,PC,0,PC,5,PC,,,BP5018200,04.09.2025,8200,WM06,8200,WL06,,,,,
1215823463,1,,9L7,VAH2880,SIDE SPACER L 000136,10.09.2025,5,PC,3,PC,2,PC,,,BP5018200,04.09.2025,8200,WM06,8200,WL06,,,,,
1215823464,1,,9L7,VEF9090,TOP BOARD SUB ASSY 001191 BLACK GRAIN,10.09.2025,20,PC,0,PC,20,PC,,,BP5018200,04.09.2025,8200,WM06,8200,WL01,,,,,
1215823466,1,,9L7,ZC09390,COMPLETE ASSY BENCH BC-102BK,10.09.2025,4,PC,0,PC,4,PC,999,,BP5018200,04.09.2025,8200,WM04,8200,WL10,,,,,
1215823471,1,,9L7,VGJ3130,PEDAL BOX SUB ASSY 001905,10.09.2025,10,PC,0,PC,10,PC,,,BP5018200,04.09.2025,8200,WM10,8200,WL10,,,,,
1215823504,1,,9L7,VGH5650,SIDE BOARD L 001910,10.09.2025,30,PC,0,PC,30,PC,,,BP5018200,04.09.2025,8200,WM06,8200,WL01,,,,,
1215823505,1,,9L7,VGH5980,FRONT LEG STAY L 001910,10.09.2025,40,PC,0,PC,40,PC,,,BP5018200,04.09.2025,8200,WM06,8200,WL01,,,,,
1215823506,1,,9L7,VGH5990,FRONT LEG STAY R 001910,10.09.2025,40,PC,0,PC,40,PC,,,BP5018200,04.09.2025,8200,WM06,8200,WL01,,,,,
1215823524,1,,9L7,VGJ9950,FRONT PANEL PRINTED 001916,10.09.2025,20,PC,0,PC,20,PC,,,BP5018200,04.09.2025,8200,WM04,8200,WL01,,,,,
1215823526,1,,9L7,VAH2130,REAR PANEL 000136,10.09.2025,10,PC,0,PC,10,PC,,,BP5018200,04.09.2025,8200,WM10,8200,WL06,,,,,
1215823529,1,,9L7,VAH3700,FRONT LEG L 000136,10.09.2025,10,PC,0,PC,10,PC,,,BP5018200,04.09.2025,8200,WM06,8200,WL06,,,,,
1215823530,1,,9L7,VAH3710,FRONT LEG R 000136,10.09.2025,10,PC,0,PC,10,PC,,,BP5018200,04.09.2025,8200,WM06,8200,WL06,,,,,
1215823533,1,,9L7,VGH6230,PEDAL BOX SUB ASSY 001910,10.09.2025,30,PC,0,PC,30,PC,,,BP5018200,04.09.2025,8200,WM10,8200,WL01,,,,,
1215823540,1,,9L7,VGH358A,TOP BOARD WOODEN ASSY 001910,10.09.2025,20,PC,0,PC,20,PC,,,BP5018200,04.09.2025,8200,WM06,8200,WL01,,,,,
1215823541,1,,9L7,VGH386A,KEY STOP RAIL WOODEN ASSY 001910,10.09.2025,20,PC,0,PC,20,PC,,,BP5018200,04.09.2025,8200,WM10,8200,WL01,,,,,
1215823542,1,,9L7,VEH8440,KEY COVER FRONT PRNT 001370,10.09.2025,20,PC,0,PC,20,PC,999,,BP5018200,04.09.2025,8200,WM04,8200,WL02,,,,,
1215823543,1,,9L7,VGK6800,ARM ASSY L 001916,10.09.2025,18,PC,0,PC,18,PC,,,BP5018200,04.09.2025,8200,WM06,8200,WL01,,,,,
1215823544,1,,9L7,VGK6870,ARM ASSY R 001916,10.09.2025,24,PC,0,PC,24,PC,,,BP5018200,04.09.2025,8200,WM06,8200,WL01,,,,,
1215823545,1,,9L7,VFS9910,KEYBED 001644,10.09.2025,6,PC,0,PC,6,PC,,,BP5018200,04.09.2025,8200,WM10,8200,WL10,,,,,
1215823561,1,,9L7,VGH4270,FRONT PANEL PRINTED 001910,10.09.2025,20,PC,0,PC,20,PC,,,BP5018200,04.09.2025,8200,WM04,8200,WL01,,,,,
1215823562,1,,9L7,VGH5140,KEY COVER 001910,10.09.2025,30,PC,0,PC,30,PC,,,BP5018200,04.09.2025,8200,WM10,8200,WL01,,,,,
1215823564,1,,9L7,VGH5280,KEY COVER FR PANEL 001910,10.09.2025,40,PC,0,PC,40,PC,,,BP5018200,04.09.2025,8200,WM10,8200,WL01,,,,,
1215823565,1,,9L7,VGH5380,KEY COVER REAR PANEL 001910,10.09.2025,40,PC,0,PC,40,PC,,,BP5018200,04.09.2025,8200,WM10,8200,WL01,,,,,
1215823566,1,,9L7,ZC63860,SP COVER :,10.09.2025,100,PC,0,PC,100,PC,999,,BP5018200,04.09.2025,8200,WM04,8200,WL10,,,,,
1215823571,1,,9L7,VAH2830,FRONT PANEL PRINTED 000136,10.09.2025,10,PC,0,PC,10,PC,999,,BP5018200,04.09.2025,8200,WM04,8200,WL06,,,,,
1215823572,1,,9L7,VGJ1650,KEY STP RAIL BACK 001798,10.09.2025,10,PC,0,PC,10,PC,,,BP5018200,04.09.2025,8200,WM10,8200,WL10,,,,,
1215823578,1,,9L7,ZA61010,REAR PANEL SET CL #3438,10.09.2025,80,PC,0,PC,80,PC,999,,BP5018200,04.09.2025,8200,WM10,8200,WL02,,,,,
1215823581,1,,9L7,WQ61690,PEDAL BOARD ASSY #3299,10.09.2025,110,PC,0,PC,110,PC,999,,BP5018200,04.09.2025,8200,WM10,8200,WL02,,,,,
1215823586,1,,9L7,V756410,MCA BENCH BC-102PE,10.09.2025,4,SET,0,SET,4,SET,999,,BP5018200,04.09.2025,8200,WM04,8200,WL10,,,,,
1215823587,1,,9L7,VEK9860,KEYBED UNIT 000963,10.09.2025,130,PC,0,PC,130,PC,,,BP5018200,04.09.2025,8200,WM10,8200,WL02,,,,,
1215823589,1,,9L7,VEW1780,P-BOX SUB ASSY CL 001366,10.09.2025,100,PC,0,PC,100,PC,,,BP5018200,04.09.2025,8200,WM10,8200,WL02,,,,,
1215823590,1,,9L7,VAC4760,SP BOX ASSY 000105,10.09.2025,5,PC,0,PC,5,PC,999,,BP5018200,04.09.2025,8200,WM10,8200,WL10,,,,,
1215823591,1,,9L7,VEX4870,TOP BOARD ASSY 001364,10.09.2025,130,PC,0,PC,130,PC,,,BP5018200,04.09.2025,8200,WM06,8200,WL02,,,,,
1215823593,1,,9L7,VAG9040,SIDE BOARD L 000150,10.09.2025,60,PC,0,PC,60,PC,,,BP5018200,04.09.2025,8200,WM06,8200,WL02,,,,,
1215823595,1,,9L7,VAG9050,SIDE BOARD R 000150,10.09.2025,60,PC,0,PC,60,PC,,,BP5018200,04.09.2025,8200,WM06,8200,WL02,,,,,
1215823598,1,,9L7,VFD9620,PEDAL BOX SUB ASSY 001360,10.09.2025,280,PC,0,PC,280,PC,,,BP5018200,04.09.2025,8200,WM10,8200,WL02,,,,,
1215823599,1,,9L7,VFD9630,PEDAL BOX SUB ASSY 001361,10.09.2025,200,PC,0,PC,200,PC,,,BP5018200,04.09.2025,8200,WM10,8200,WL02,,,,,
1215823600,1,,9L7,VFD9640,PEDAL BOX SUB ASSY 001362,10.09.2025,20,PC,0,PC,20,PC,,,BP5018200,04.09.2025,8200,WM10,8200,WL02,,,,,
1215823603,1,,9L7,VAP0440,ARM ASSY L 000144,10.09.2025,95,PC,0,PC,95,PC,999,,BP5018200,04.09.2025,8200,WM06,8200,WL02,,,,,
1215823604,1,,9L7,VAP0450,ARM ASSY R 000144,10.09.2025,95,PC,0,PC,95,PC,999,,BP5018200,04.09.2025,8200,WM06,8200,WL02,,,,,
1215823605,1,,9L7,VAP0460,ARM ASSY L 000145,10.09.2025,20,PC,0,PC,20,PC,999,,BP5018200,04.09.2025,8200,WM06,8200,WL02,,,,,
1215823606,1,,9L7,VGH3290,REAR PANEL ASSY 001907,10.09.2025,20,PC,0,PC,20,PC,,,BP5018200,04.09.2025,8200,WM10,8200,WL10,,,,,
1215823607,1,,9L7,WT69170,REAR PANEL SET CL #3227,10.09.2025,360,PC,0,PC,360,PC,999,,BP5018200,04.09.2025,8200,WM10,8200,WL02,,,,,
1215823608,1,,9L7,VAP0470,ARM ASSY R 000145,10.09.2025,20,PC,0,PC,20,PC,999,,BP5018200,04.09.2025,8200,WM06,8200,WL02,,,,,
1215823609,1,,9L7,VGH3290,REAR PANEL ASSY 001907,10.09.2025,100,PC,0,PC,100,PC,,,BP5018200,04.09.2025,8200,WM10,8200,WL01,,,,,
1215823610,1,,9L7,VGH3300,REAR PANEL ASSY 001909,10.09.2025,50,PC,0,PC,50,PC,,,BP5018200,04.09.2025,8200,WM10,8200,WL01,,,,,
1215823623,1,,9L7,VGH6000,FRONT LEG STAY L 001918,10.09.2025,10,PC,0,PC,10,PC,,,BP5018200,04.09.2025,8200,WM06,8200,WL10,,,,,
1215823625,1,,9L7,WZ12560,SIDE BOARD(L) #3382 YDP-162/163B,10.09.2025,220,PC,0,PC,220,PC,999,,BP5018200,04.09.2025,8200,WM06,8200,WL02,,,,,
1215823627,1,,9L7,VGH6010,FRONT LEG STAY R 001918,10.09.2025,20,PC,0,PC,20,PC,,,BP5018200,04.09.2025,8200,WM06,8200,WL10,,,,,
1215823628,1,,9L7,WZ12610,SIDE BOARD(R) #3382 YDP162/163B,10.09.2025,220,PC,0,PC,220,PC,999,,BP5018200,04.09.2025,8200,WM06,8200,WL02,,,,,
1215823632,1,,9L7,VGH6240,PEDAL BOX SUB ASSY 001912,10.09.2025,20,PC,0,PC,20,PC,,,BP5018200,04.09.2025,8200,WM10,8200,WL10,,,,,
1215823634,1,,9L7,VGJ0340,REAR PANEL 001798,10.09.2025,30,PC,0,PC,30,PC,,,BP5018200,04.09.2025,8200,WM10,8200,WL10,,,,,
1215823635,1,,9L7,VGJ0340,REAR PANEL 001798,10.09.2025,30,PC,0,PC,30,PC,,,BP5018200,04.09.2025,8200,WM10,8200,WL01,,,,,
1215823636,1,,9L7,VGJ2820,SIDE BOARD L 001798,10.09.2025,10,PC,0,PC,10,PC,,,BP5018200,04.09.2025,8200,WM06,8200,WL01,,,,,
1215823637,1,,9L7,VGJ2830,SIDE BOARD R 001798,10.09.2025,10,PC,0,PC,10,PC,,,BP5018200,04.09.2025,8200,WM06,8200,WL01,,,,,
1215823639,1,,9L7,VGJ2920,FRONT LEG 001798,10.09.2025,30,PC,0,PC,30,PC,,,BP5018200,04.09.2025,8200,WM06,8200,WL01,,,,,
1215823640,1,,9L7,VGJ2980,LEG STAY L 001798,10.09.2025,20,PC,0,PC,20,PC,,,BP5018200,04.09.2025,8200,WM06,8200,WL01,,,,,
1215823641,1,,9L7,VGJ2990,LEG STAY R 001798,10.09.2025,20,PC,0,PC,20,PC,,,BP5018200,04.09.2025,8200,WM06,8200,WL01,,,,,
1215823642,1,,9L7,VDH9140,ARM ASSY L 000146,10.09.2025,70,PC,0,PC,70,PC,,,BP5018200,04.09.2025,8200,WM06,8200,WL02,,,,,
1215823643,1,,9L7,VGQ0070,FRONT LEG L 001927,10.09.2025,50,PC,0,PC,50,PC,,,BP5018200,04.09.2025,8200,WM06,8200,WL01,,,,,
1215823644,1,,9L7,VDH9150,ARM ASSY R 000146,10.09.2025,70,PC,0,PC,70,PC,,,BP5018200,04.09.2025,8200,WM06,8200,WL02,,,,,
1215823645,1,,9L7,VGQ0110,FRONT LEG R 001927,10.09.2025,50,PC,0,PC,50,PC,,,BP5018200,04.09.2025,8200,WM06,8200,WL01,,,,,
1215823647,1,,9L7,VDH9170,MUSIC REST ASSY 000146,10.09.2025,70,PC,0,PC,70,PC,,,BP5018200,04.09.2025,8200,WM10,8200,WL02,,,,,
1215823650,1,,9L7,VDH9200,ARM ASSY L 000149,10.09.2025,130,PC,0,PC,130,PC,,,BP5018200,04.09.2025,8200,WM06,8200,WL02,,,,,
1215823652,1,,9L7,VGQ0170,FRONT LEG STAY L 001927,10.09.2025,50,PC,0,PC,50,PC,,,BP5018200,04.09.2025,8200,WM06,8200,WL01,,,,,
1215823653,1,,9L7,VDH9210,ARM ASSY R 000149,10.09.2025,130,PC,0,PC,130,PC,,,BP5018200,04.09.2025,8200,WM06,8200,WL02,,,,,
1215823654,1,,9L7,VGQ0210,FRONT LEG STAY R 001927,10.09.2025,50,PC,0,PC,50,PC,,,BP5018200,04.09.2025,8200,WM06,8200,WL01,,,,,
1215823655,1,,9L7,VGQ0290,PEDAL BOX SUB ASSY 001927,10.09.2025,50,PC,0,PC,50,PC,,,BP5018200,04.09.2025,8200,WM10,8200,WL01,,,,,
1215823656,1,,9L7,ZE11110,MUSIC REST ASSY #3499,10.09.2025,100,PC,0,PC,100,PC,999,,BP5018200,04.09.2025,8200,WM10,8200,WL02,,,,,
1215823657,1,,9L7,VGQ0300,PEDAL BOX SUB ASSY 001928,10.09.2025,6,PC,0,PC,6,PC,,,BP5018200,04.09.2025,8200,WM10,8200,WL10,,,,,
1215823665,1,,9L7,VHF2540,PEDAL BOX SUB ASSY 001798,10.09.2025,20,PC,0,PC,20,PC,,,BP5018200,04.09.2025,8200,WM10,8200,WL01,,,,,
1215823666,1,,9L7,VHF8550,SP GR PACKING ASSY 001798,10.09.2025,6,PC,0,PC,6,PC,,,BP5018200,04.09.2025,8200,WM10,8200,WL10,,,,,
1215823667,1,,9L7,VHF8550,SP GR PACKING ASSY 001798,10.09.2025,12,PC,0,PC,12,PC,,,BP5018200,04.09.2025,8200,WM10,8200,WL01,,,,,
1215823669,1,,9L7,VHF8570,SPBOX PACKING ASSY 001798,10.09.2025,8,PC,0,PC,8,PC,,,BP5018200,04.09.2025,8200,WM10,8200,WL10,,,,,
1215823670,1,,9L7,VHF8570,SPBOX PACKING ASSY 001798,10.09.2025,12,PC,0,PC,12,PC,,,BP5018200,04.09.2025,8200,WM10,8200,WL01,,,,,
1215823672,1,,9L7,VHF8580,SPBOX PACKING ASSY 001906,10.09.2025,4,PC,0,PC,4,PC,,,BP5018200,04.09.2025,8200,WM10,8200,WL10,,,,,
1215823674,1,,9L7,VHS4740,PEDAL BOX SUB ASSY 001645,10.09.2025,3,PC,0,PC,3,PC,,,BP5018200,04.09.2025,8200,WM10,8200,WL10,,,,,
1215823709,1,,9L7,VGH9990,ARM ASSY L 001798,10.09.2025,15,PC,0,PC,15,PC,,,BP5018200,04.09.2025,8200,WM06,8200,WL01,,,,,
1215823710,1,,9L7,VGJ0020,ARM ASSY R 001798,10.09.2025,15,PC,0,PC,15,PC,,,BP5018200,04.09.2025,8200,WM06,8200,WL01,,,,,
1215823711,1,,9L7,VAC4930,REAR GRILLE 000105,10.09.2025,4,PC,0,PC,4,PC,999,,BP5018200,04.09.2025,8200,WM10,8200,WL10,,,,,
1215823712,1,,9L7,VAE3470,CLEAT 18 32 28.8,10.09.2025,300,PC,0,PC,300,PC,,,BP5018200,04.09.2025,8200,WM04,8200,WL02,,,,,
1215823720,1,,9L7,VAH3890,ARM BLOCK 000136,10.09.2025,10,PC,0,PC,10,PC,,,BP5018200,04.09.2025,8200,WM06,8200,WL06,,,,,
1215823728,1,,9L7,VEH2410,FRONT RAIL 001360,10.09.2025,100,PC,0,PC,100,PC,,,BP5018200,04.09.2025,8200,WM10,8200,WL02,,,,,
1215823729,1,,9L7,VEH2420,FRONT RAIL 001361,10.09.2025,70,PC,0,PC,70,PC,,,BP5018200,04.09.2025,8200,WM10,8200,WL02,,,,,
1215823731,1,,9L7,VEH2430,FRONT RAIL 001362,10.09.2025,20,PC,0,PC,20,PC,,,BP5018200,04.09.2025,8200,WM10,8200,WL02,,,,,
1215823732,1,,9L7,VEH2450,FRONT RAIL 001364,10.09.2025,190,PC,0,PC,190,PC,,,BP5018200,04.09.2025,8200,WM10,8200,WL02,,,,,
1215823733,1,,9L7,VEH2460,FRONT RAIL 001365,10.09.2025,130,PC,0,PC,130,PC,,,BP5018200,04.09.2025,8200,WM10,8200,WL02,,,,,
1215823734,1,,9L7,VAN6220,TOP BOARD ASSY 000147,10.09.2025,20,PC,0,PC,20,PC,999,,BP5018200,04.09.2025,8200,WM06,8200,WL02,,,,,
1215823735,1,,9L7,VAN6230,TOP BOARD ASSY 000148,10.09.2025,60,PC,0,PC,60,PC,999,,BP5018200,04.09.2025,8200,WM06,8200,WL02,,,,,
1215823737,1,,9L7,VEH2490,FRONT RAIL 001368,10.09.2025,90,PC,0,PC,90,PC,,,BP5018200,04.09.2025,8200,WM10,8200,WL02,,,,,
1215823739,1,,9L7,VAP0420,ARM ASSY L 000143,10.09.2025,60,PC,0,PC,60,PC,,,BP5018200,04.09.2025,8200,WM06,8200,WL02,,,,,
1215823741,1,,9L7,VAP0430,ARM ASSY R 000143,10.09.2025,60,PC,0,PC,60,PC,999,,BP5018200,04.09.2025,8200,WM06,8200,WL02,,,,,
1215823743,1,,9L7,VEK9840,KEYBED UNIT 001359,10.09.2025,240,PC,0,PC,240,PC,,,BP5018200,04.09.2025,8200,WM10,8200,WL02,,,,,
1215823744,1,,9L7,VEK9850,KEYBED UNIT 001363,10.09.2025,270,PC,0,PC,270,PC,,,BP5018200,04.09.2025,8200,WM10,8200,WL02,,,,,
1215823751,1,,9L7,VAU4810,BOTTOM BOARD 000418,10.09.2025,300,PC,0,PC,300,PC,999,,BP5018200,04.09.2025,8200,WM10,8200,WL07,,,,,
1215823755,1,,9L7,VGN0340,MUSIC REST ASSY 001921,10.09.2025,70,PC,0,PC,70,PC,,,BP5018200,04.09.2025,8200,WM10,8200,WL01,,,,,
1215823763,1,,9L7,VGQ0050,FRONT LEG L 001925,10.09.2025,40,PC,0,PC,40,PC,,,BP5018200,04.09.2025,8200,WM06,8200,WL01,,,,,
1215823764,1,,9L7,VGQ0060,FRONT LEG L 001926,10.09.2025,50,PC,0,PC,50,PC,,,BP5018200,04.09.2025,8200,WM06,8200,WL01,,,,,
1215823765,1,,9L7,VGQ0090,FRONT LEG R 001925,10.09.2025,40,PC,0,PC,40,PC,,,BP5018200,04.09.2025,8200,WM06,8200,WL01,,,,,
1215823766,1,,9L7,VEX483A,TOP BOARD WOODENASSY 001360,10.09.2025,100,PC,0,PC,100,PC,,,BP5018200,04.09.2025,8200,WM06,8200,WL02,,,,,
1215823767,1,,9L7,VGQ0100,FRONT LEG R 001926,10.09.2025,40,PC,0,PC,40,PC,,,BP5018200,04.09.2025,8200,WM06,8200,WL01,,,,,
1215823769,1,,9L7,VEX484A,TOP BOARD WOODENASSY 001361,10.09.2025,70,PC,0,PC,70,PC,,,BP5018200,04.09.2025,8200,WM06,8200,WL02,,,,,
1215823770,1,,9L7,VGQ0150,FRONT LEG STAY L 001925,10.09.2025,40,PC,0,PC,40,PC,,,BP5018200,04.09.2025,8200,WM06,8200,WL01,,,,,
1215823771,1,,9L7,VGQ0160,FRONT LEG STAY L 001926,10.09.2025,50,PC,0,PC,50,PC,,,BP5018200,04.09.2025,8200,WM06,8200,WL01,,,,,
1215823772,1,,9L7,VEX485A,TOP BOARD WOODENASSY 001362,10.09.2025,20,PC,0,PC,20,PC,,,BP5018200,04.09.2025,8200,WM06,8200,WL02,,,,,
1215823773,1,,9L7,VGQ0190,FRONT LEG STAY R 001925,10.09.2025,40,PC,0,PC,40,PC,,,BP5018200,04.09.2025,8200,WM06,8200,WL01,,,,,
1215823775,1,,9L7,VGQ0200,FRONT LEG STAY R 001926,10.09.2025,50,PC,0,PC,50,PC,,,BP5018200,04.09.2025,8200,WM06,8200,WL01,,,,,
1215823777,1,,9L7,VGQ0270,PEDAL BOX SUB ASSY 001925,10.09.2025,40,PC,0,PC,40,PC,,,BP5018200,04.09.2025,8200,WM10,8200,WL01,,,,,
1215823778,1,,9L7,VEX4880,TOP BOARD ASSY 001365,10.09.2025,70,PC,0,PC,70,PC,,,BP5018200,04.09.2025,8200,WM06,8200,WL02,,,,,
1215823779,1,,9L7,VGQ0280,PEDAL BOX SUB ASSY 001926,10.09.2025,50,PC,0,PC,50,PC,,,BP5018200,04.09.2025,8200,WM10,8200,WL01,,,,,
1215823784,1,,9L7,VGQ2510,ARM ASSY L 001927,10.09.2025,50,PC,0,PC,50,PC,,,BP5018200,04.09.2025,8200,WM06,8200,WL01,,,,,
1215823788,1,,9L7,VGQ2550,ARM ASSY R 001927,10.09.2025,50,PC,0,PC,50,PC,,,BP5018200,04.09.2025,8200,WM06,8200,WL01,,,,,
1215823793,1,,9L7,VCW3870,KEYBED SUB ASSY 000139,10.09.2025,110,PC,0,PC,110,PC,,,BP5018200,04.09.2025,8200,WM10,8200,WL02,,,,,
1215823794,1,,9L7,VFC448A,BACK TOP RAIL WOODEN ASSY 000963,10.09.2025,140,PC,0,PC,140,PC,,,BP5018200,04.09.2025,8200,WM10,8200,WL02,,,,,
1215823795,1,,9L7,VFD9610,PEDAL BOX SUB ASSY 001359,10.09.2025,140,PC,0,PC,140,PC,,,BP5018200,04.09.2025,8200,WM10,8200,WL02,,,,,
1215823804,1,,9L7,VFS7920,WIRE GUIDE BOARD ASY 001644,10.09.2025,2,PC,0,PC,2,PC,,,BP5018200,04.09.2025,8200,WM10,8200,WL10,,,,,
1215823806,1,,9L7,VFS7930,SP BOX ASSY 001644,10.09.2025,2,PC,0,PC,2,PC,,,BP5018200,04.09.2025,8200,WM10,8200,WL10,,,,,
1215823809,1,,9L7,VFT4430,PEDAL BOX SUB ASSY 001644,10.09.2025,6,PC,0,PC,6,PC,,,BP5018200,04.09.2025,8200,WM10,8200,WL10,,,,,
1215823811,1,,9L7,VFU9790,PEDAL BOX SUB ASSY 001696,10.09.2025,4,PC,0,PC,4,PC,,,BP5018200,04.09.2025,8200,WM10,8200,WL06,,,,,
1215823819,1,,9L7,VFW0760,PEDAL BOX SUB ASSY 001695,10.09.2025,2,PC,0,PC,2,PC,,,BP5018200,04.09.2025,8200,WM10,8200,WL10,,,,,
1215823820,1,,9L7,WS49650,SIDE BOARD(L) #3227 YDP-142/143R,10.09.2025,120,PC,0,PC,120,PC,999,,BP5018200,04.09.2025,8200,WM06,8200,WL02,,,,,
1215823821,1,,9L7,WS49660,SIDE BOARD(R) #3227 YDP-142/143R,10.09.2025,140,PC,0,PC,140,PC,999,,BP5018200,04.09.2025,8200,WM06,8200,WL02,,,,,
1215823826,1,,9L7,WU2879A,FRONT GRILLE WOODEN  ASSY #3253,10.09.2025,4,PC,0,PC,4,PC,999,,BP5018200,04.09.2025,8200,WM10,8200,WL10,,,,,
1215823827,1,,9L7,WU58610,REAR GRILLE FIXTURE #3253,10.09.2025,6,PC,0,PC,6,PC,999,,BP5018200,04.09.2025,8200,WM04,8200,WL10,,,,,
1215823836,1,,9L7,VGH5590,SIDE BOARD L 001907,10.09.2025,20,PC,0,PC,20,PC,,,BP5018200,04.09.2025,8200,WM06,8200,WL01,,,,,
1215823837,1,,9L7,VGH5600,SIDE BOARD R 001907,10.09.2025,20,PC,0,PC,20,PC,,,BP5018200,04.09.2025,8200,WM06,8200,WL01,,,,,
1215823838,1,,9L7,VGH5610,SIDE BOARD L 001908,10.09.2025,70,PC,0,PC,70,PC,,,BP5018200,04.09.2025,8200,WM06,8200,WL01,,,,,
1215823839,1,,9L7,VGH5620,SIDE BOARD R 001908,10.09.2025,80,PC,0,PC,80,PC,,,BP5018200,04.09.2025,8200,WM06,8200,WL01,,,,,
1215823840,1,,9L7,VGH5630,SIDE BOARD L 001909,10.09.2025,50,PC,0,PC,50,PC,,,BP5018200,04.09.2025,8200,WM06,8200,WL01,,,,,
1215823842,1,,9L7,VGH5640,SIDE BOARD R 001909,10.09.2025,60,PC,0,PC,60,PC,,,BP5018200,04.09.2025,8200,WM06,8200,WL01,,,,,
1215823843,1,,9L7,VGH5820,FRONT LEG 001907,10.09.2025,40,PC,0,PC,40,PC,,,BP5018200,04.09.2025,8200,WM06,8200,WL01,,,,,
1215823845,1,,9L7,VGH5830,FRONT LEG 001908,10.09.2025,160,PC,0,PC,160,PC,,,BP5018200,04.09.2025,8200,WM06,8200,WL01,,,,,
1215823846,1,,9L7,ZE11100,MUSIC REST ASSY #3371,10.09.2025,60,PC,0,PC,60,PC,999,,BP5018200,04.09.2025,8200,WM10,8200,WL02,,,,,
1215823847,1,,9L7,VGH5840,FRONT LEG 001909,10.09.2025,100,PC,0,PC,100,PC,,,BP5018200,04.09.2025,8200,WM06,8200,WL01,,,,,
1215823849,1,,9L7,VGH5920,FRONT LEG STAY L 001907,10.09.2025,20,PC,0,PC,20,PC,,,BP5018200,04.09.2025,8200,WM06,8200,WL01,,,,,
1215823850,1,,9L7,VGH5930,FRONT LEG STAY R 001907,10.09.2025,20,PC,0,PC,20,PC,,,BP5018200,04.09.2025,8200,WM06,8200,WL01,,,,,
1215823852,1,,9L7,VGH5940,FRONT LEG STAY L 001908,10.09.2025,80,PC,0,PC,80,PC,,,BP5018200,04.09.2025,8200,WM06,8200,WL01,,,,,
1215823854,1,,9L7,VGH5950,FRONT LEG STAY R 001908,10.09.2025,70,PC,0,PC,70,PC,,,BP5018200,04.09.2025,8200,WM06,8200,WL01,,,,,
1215823855,1,,9L7,VGH5960,FRONT LEG STAY L 001909,10.09.2025,60,PC,0,PC,60,PC,,,BP5018200,04.09.2025,8200,WM06,8200,WL01,,,,,
1215823856,1,,9L7,VGH5970,FRONT LEG STAY R 001909,10.09.2025,50,PC,0,PC,50,PC,,,BP5018200,04.09.2025,8200,WM06,8200,WL01,,,,,
1215823858,1,,9L7,VGH6200,PEDAL BOX SUB ASSY 001907,10.09.2025,20,PC,0,PC,20,PC,,,BP5018200,04.09.2025,8200,WM10,8200,WL01,,,,,
1215823859,1,,9L7,VGH6210,PEDAL BOX SUB ASSY 001908,10.09.2025,80,PC,0,PC,80,PC,,,BP5018200,04.09.2025,8200,WM10,8200,WL01,,,,,
1215823861,1,,9L7,VGH6220,PEDAL BOX SUB ASSY 001909,10.09.2025,50,PC,0,PC,50,PC,,,BP5018200,04.09.2025,8200,WM10,8200,WL01,,,,,
1215823894,1,,9L7,VAF9250,TW FIXED BOARD F 000105,10.09.2025,10,PC,0,PC,10,PC,999,,BP5018200,04.09.2025,8200,WM10,8200,WL10,,,,,
1215823895,1,,9L7,VAF9260,TW FIXED BOARD B 000105,10.09.2025,5,PC,2,PC,3,PC,999,,BP5018200,04.09.2025,8200,WM10,8200,WL10,,,,,
1215823897,1,,9L7,VEF8820,KEYBED ASSY 001191,10.09.2025,30,PC,0,PC,30,PC,,,BP5018200,04.09.2025,8200,WM10,8200,WL01,,,,,
1215823898,1,,9L7,VEF9000,SP BOX ASSY 001191 BLACK GRAIN,10.09.2025,20,PC,0,PC,20,PC,,,BP5018200,04.09.2025,8200,WM10,8200,WL01,,,,,
1215823906,1,,9L7,VEH2400,FRONT RAIL 001359,10.09.2025,60,PC,0,PC,60,PC,,,BP5018200,04.09.2025,8200,WM10,8200,WL02,,,,,
1215823907,1,,9L7,VCS1050,PEDAL BOX SUB ASSY 000105,10.09.2025,5,PC,0,PC,5,PC,,,BP5018200,04.09.2025,8200,WM10,8200,WL10,,,,,
1215823908,1,,9L7,VEH2440,FRONT RAIL 001363,10.09.2025,90,PC,0,PC,90,PC,,,BP5018200,04.09.2025,8200,WM10,8200,WL02,,,,,
1215823914,1,,9L7,VCS9120,SP BOX ASSY 000689,10.09.2025,5,PC,0,PC,5,PC,,,BP5018200,04.09.2025,8200,WM10,8200,WL10,,,,,
1215823915,1,,9L7,VCS9120,SP BOX ASSY 000689,10.09.2025,20,PC,0,PC,20,PC,,,BP5018200,04.09.2025,8200,WM10,8200,WL01,,,,,
1215823918,1,,9L7,VEH836A,BACK TOP RAIL WOODEN ASSY 001359,10.09.2025,250,PC,0,PC,250,PC,,,BP5018200,04.09.2025,8200,WM10,8200,WL02,,,,,
1215823919,1,,9L7,VEK047A,BACK TOP RAIL WOODEN ASSY 001363,10.09.2025,270,PC,0,PC,270,PC,,,BP5018200,04.09.2025,8200,WM10,8200,WL02,,,,,
1215823921,1,,9L7,VDC2170,KEY STOP RAI PRINTED 000139,10.09.2025,90,PC,0,PC,90,PC,999,,BP5018200,04.09.2025,8200,WM04,8200,WL02,,,,,
1215823922,1,,9L7,VDC2180,KEY STOP RAI PRINTED 000140,10.09.2025,20,PC,1,PC,19,PC,999,,BP5018200,04.09.2025,8200,WM04,8200,WL02,,,,,
1215823923,1,,9L7,VAS0260,FRONT PANEL PRINTED 000145,10.09.2025,20,PC,0,PC,20,PC,999,,BP5018200,04.09.2025,8200,WM04,8200,WL02,,,,,
1215823927,1,,9L7,VEX0530,KVR FRONT ASSY 001188,10.09.2025,2,PC,0,PC,2,PC,,,BP5018200,04.09.2025,8200,WM10,8200,WL10,,,,,
1215823928,1,,9L7,VEX0760,KEY COVER BACK 001188,10.09.2025,2,PC,0,PC,2,PC,,,BP5018200,04.09.2025,8200,WM10,8200,WL10,,,,,
1215823930,1,,9L7,VEX0830,KEY CVR BK PANEL 001188,10.09.2025,2,PC,0,PC,2,PC,,,BP5018200,04.09.2025,8200,WM10,8200,WL10,,,,,
1215823931,1,,9L7,VEX1660,TOP BOARD SUB ASSY 001188,10.09.2025,3,PC,0,PC,3,PC,,,BP5018200,04.09.2025,8200,WM06,8200,WL10,,,,,
1215823935,1,,9L7,VEX482A,TOP BOARD WOODENASSY 001359,10.09.2025,60,PC,0,PC,60,PC,,,BP5018200,04.09.2025,8200,WM06,8200,WL02,,,,,
1215823948,1,,9L7,VEW922A,SIDE BOARD WOODENASSY L001188,10.09.2025,3,PC,0,PC,3,PC,,,BP5018200,04.09.2025,8200,WM06,8200,WL10,,,,,
1215823949,1,,9L7,VEW923A,SIDE BOARD WOODNASSY R 001188,10.09.2025,3,PC,0,PC,3,PC,,,BP5018200,04.09.2025,8200,WM06,8200,WL10,,,,,
1215823950,1,,9L7,VGH3600,MUSIC REST ASSY 001907,10.09.2025,20,PC,0,PC,20,PC,,,BP5018200,04.09.2025,8200,WM10,8200,WL01,,,,,
1215823951,1,,9L7,VEW9450,ARM ASSY L 001188,10.09.2025,5,PC,0,PC,5,PC,,,BP5018200,04.09.2025,8200,WM06,8200,WL10,,,,,
1215823952,1,,9L7,VGH3610,MUSIC REST ASSY 001908,10.09.2025,50,PC,0,PC,50,PC,,,BP5018200,04.09.2025,8200,WM10,8200,WL01,,,,,
1215823953,1,,9L7,VEW9460,ARM ASSY R 001188,10.09.2025,5,PC,0,PC,5,PC,,,BP5018200,04.09.2025,8200,WM06,8200,WL10,,,,,
1215823954,1,,9L7,VGH3620,MUSIC REST ASSY 001909,10.09.2025,30,PC,0,PC,30,PC,,,BP5018200,04.09.2025,8200,WM10,8200,WL01,,,,,
1215823958,1,,9L7,VEW9790,REAR PANEL 001188,10.09.2025,2,PC,0,PC,2,PC,,,BP5018200,04.09.2025,8200,WM10,8200,WL10,,,,,
1215823960,1,,9L7,VEX0050,FRONT RAIL 001188,10.09.2025,2,PC,0,PC,2,PC,,,BP5018200,04.09.2025,8200,WM10,8200,WL10,,,,,
1215823961,1,,9L7,VGH3850,KEYBED ASSY 001907,10.09.2025,10,PC,0,PC,10,PC,,,BP5018200,04.09.2025,8200,WM10,8200,WL10,,,,,
1215823962,1,,9L7,VGH3850,KEYBED ASSY 001907,10.09.2025,40,PC,0,PC,40,PC,,,BP5018200,04.09.2025,8200,WM10,8200,WL01,,,,,
1215823964,1,,9L7,VEX0110,SP BOX ASSY 001188,10.09.2025,4,PC,0,PC,4,PC,,,BP5018200,04.09.2025,8200,WM10,8200,WL10,,,,,
1215823965,1,,9L7,VEX0210,FRONT BOARD ASSY 001188,10.09.2025,2,PC,0,PC,2,PC,,,BP5018200,04.09.2025,8200,WM10,8200,WL10,,,,,
1215823968,1,,9L7,VGM1240,KEYBED ASSY 001913,10.09.2025,10,PC,0,PC,10,PC,,,BP5018200,04.09.2025,8200,WM10,8200,WL10,,,,,
1215823969,1,,9L7,VGM1240,KEYBED ASSY 001913,10.09.2025,70,PC,0,PC,70,PC,,,BP5018200,04.09.2025,8200,WM10,8200,WL01,,,,,
1215823975,1,,9L7,VGN026A,TOP BOARD WOODENASSY 001920,10.09.2025,30,PC,0,PC,30,PC,,,BP5018200,04.09.2025,8200,WM06,8200,WL01,,,,,
1215823980,1,,9L7,VFU9940,KEYBED ASSY 001591,10.09.2025,70,PC,0,PC,70,PC,,,BP5018200,04.09.2025,8200,WM10,8200,WL02,,,,,
1215823982,1,,9L7,VGN0320,MUSIC REST ASSY 001919,10.09.2025,40,PC,0,PC,40,PC,,,BP5018200,04.09.2025,8200,WM10,8200,WL01,,,,,
1215823984,1,,9L7,VGN0330,MUSIC REST ASSY 001920,10.09.2025,80,PC,0,PC,80,PC,,,BP5018200,04.09.2025,8200,WM10,8200,WL01,,,,,
1215823987,1,,9L7,VGN0720,KEYBED ASSY 001919,10.09.2025,10,PC,0,PC,10,PC,,,BP5018200,04.09.2025,8200,WM10,8200,WL10,,,,,
1215823988,1,,9L7,VGN0720,KEYBED ASSY 001919,10.09.2025,70,PC,0,PC,70,PC,,,BP5018200,04.09.2025,8200,WM10,8200,WL01,,,,,
1215823991,1,,9L7,VFV8190,DAMPER COVER 001591,10.09.2025,200,PC,0,PC,200,PC,,,BP5018200,04.09.2025,8200,WM04,8200,WL02,,,,,
1215824000,1,,9L7,VGJ0490,TOP BOARD SUB ASSY 001798,10.09.2025,10,PC,0,PC,10,PC,,,BP5018200,04.09.2025,8200,WM06,8200,WL01,,,,,
1215824001,1,,9L7,VGJ1410,BACK TOP RAIL S-ASSY 001798,10.09.2025,20,PC,0,PC,20,PC,,,BP5018200,04.09.2025,8200,WM10,8200,WL01,,,,,
1215824003,1,,9L7,VGJ1490,FRONT RAIL 001798,10.09.2025,10,PC,0,PC,10,PC,,,BP5018200,04.09.2025,8200,WM10,8200,WL01,,,,,
1215824004,1,,9L7,VGJ1980,KEY CVR FR SUB ASSY 001798,10.09.2025,10,PC,0,PC,10,PC,,,BP5018200,04.09.2025,8200,WM10,8200,WL01,,,,,
1215824011,1,,9L7,VGJ968A,TOP BOARD WOODENASSY 001913,10.09.2025,20,PC,0,PC,20,PC,,,BP5018200,04.09.2025,8200,WM06,8200,WL01,,,,,
1215824019,1,,9L7,VGK6780,ARM ASSY L 001914,10.09.2025,54,PC,0,PC,54,PC,,,BP5018200,04.09.2025,8200,WM06,8200,WL01,,,,,
1215824020,1,,9L7,VGK6790,ARM ASSY L 001915,10.09.2025,48,PC,0,PC,48,PC,,,BP5018200,04.09.2025,8200,WM06,8200,WL01,,,,,
1215824021,1,,9L7,VGK6840,ARM ASSY R 001913,10.09.2025,24,PC,0,PC,24,PC,,,BP5018200,04.09.2025,8200,WM06,8200,WL01,,,,,
1215824022,1,,9L7,VGK6850,ARM ASSY R 001914,10.09.2025,54,PC,0,PC,54,PC,,,BP5018200,04.09.2025,8200,WM06,8200,WL01,,,,,
1215824024,1,,9L7,VGK6860,ARM ASSY R 001915,10.09.2025,54,PC,0,PC,54,PC,,,BP5018200,04.09.2025,8200,WM06,8200,WL01,,,,,
1215824028,1,,9L7,WV63570,MUSIC REST ASSY CL #3220,10.09.2025,20,PC,0,PC,20,PC,999,,BP5018200,04.09.2025,8200,WM10,8200,WL02,,,,,
1215824033,1,,9L7,VGP9810,FRONT RAIL 001927,10.09.2025,50,PC,0,PC,50,PC,,,BP5018200,04.09.2025,8200,WM10,8200,WL01,,,,,
1215824037,1,,9L7,VGQ0020,KEY COVER 001927,10.09.2025,50,PC,0,PC,50,PC,,,BP5018200,04.09.2025,8200,WM10,8200,WL01,,,,,
1215824046,1,,9L7,VGQ2490,ARM ASSY L 001925,10.09.2025,40,PC,0,PC,40,PC,,,BP5018200,04.09.2025,8200,WM06,8200,WL01,,,,,
1215824048,1,,9L7,VGQ2500,ARM ASSY L 001926,10.09.2025,45,PC,0,PC,45,PC,,,BP5018200,04.09.2025,8200,WM06,8200,WL01,,,,,
1215824050,1,,9L7,VGQ2530,ARM ASSY R 001925,10.09.2025,40,PC,0,PC,40,PC,,,BP5018200,04.09.2025,8200,WM06,8200,WL01,,,,,
1215824051,1,,9L7,VGQ2540,ARM ASSY R 001926,10.09.2025,45,PC,0,PC,45,PC,,,BP5018200,04.09.2025,8200,WM06,8200,WL01,,,,,
1215824052,1,,9L7,VGQ334A,TOP BOARD WOODENASSY 001927,10.09.2025,50,PC,0,PC,50,PC,,,BP5018200,04.09.2025,8200,WM06,8200,WL01,,,,,
1215824054,1,,9L7,VGQ4200,SP BOX ASSY 001929,10.09.2025,6,PC,0,PC,6,PC,,,BP5018200,04.09.2025,8200,WM10,8200,WL10,,,,,
1215824060,1,,9L7,ZA93680,STOPER CLEAT :,10.09.2025,20,PC,0,PC,20,PC,999,,BP5018200,04.09.2025,8200,WM04,8200,WL10,,,,,
1215824068,1,,9L7,ZE11390,MUSIC REST PRINTED #3500 (YDP-142B),10.09.2025,200,PC,0,PC,200,PC,999,,BP5018200,04.09.2025,8200,WM04,8200,WL02,,,,,
1215824069,1,,9L7,VGU0060,SP BOX ASSY CL 001931,10.09.2025,2,PC,0,PC,2,PC,,,BP5018200,04.09.2025,8200,WM10,8200,WL10,,,,,
1215824126,1,,9L7,VGK6470,KEYBED 001929,10.09.2025,6,PC,0,PC,6,PC,,,BP5018200,04.09.2025,8200,WM10,8200,WL10,,,,,
1215824127,1,,9L7,VEF9360,BACK TOP RAIL S-ASSY 001191,10.09.2025,10,PC,2,PC,8,PC,,,BP5018200,04.09.2025,8200,WM10,8200,WL10,,,,,
1215824156,1,,9L7,VGM1170,BACK TOP RAIL S-ASSY 001913,10.09.2025,10,PC,0,PC,10,PC,,,BP5018200,04.09.2025,8200,WM10,8200,WL10,,,,,
1215824157,1,,9L7,VGM1170,BACK TOP RAIL S-ASSY 001913,10.09.2025,80,PC,0,PC,80,PC,,,BP5018200,04.09.2025,8200,WM10,8200,WL01,,,,,
1215824158,1,,9L7,VGM136A,KEY STOP RAIL WOODEN S-ASSY 001916,10.09.2025,20,PC,0,PC,20,PC,,,BP5018200,04.09.2025,8200,WM10,8200,WL01,,,,,
1215824159,1,,9L7,VGN0730,BACK TOP RAIL S-ASSY 001919,10.09.2025,10,PC,0,PC,10,PC,,,BP5018200,04.09.2025,8200,WM10,8200,WL10,,,,,
1215824160,1,,9L7,VGN0730,BACK TOP RAIL S-ASSY 001919,10.09.2025,70,PC,0,PC,70,PC,,,BP5018200,04.09.2025,8200,WM10,8200,WL01,,,,,
1215824161,1,,9L7,VAH3500,B.T. RAIL SUB ASSY 000136,10.09.2025,4,PC,2,PC,2,PC,,,BP5018200,04.09.2025,8200,WM10,8200,WL06,,,,,
1215824170,1,,9L7,VGP978A,KEYBED WOODENASSY 001925,10.09.2025,10,PC,0,PC,10,PC,,,BP5018200,04.09.2025,8200,WM10,8200,WL10,,,,,
1215824171,1,,9L7,VGP978A,KEYBED WOODENASSY 001925,10.09.2025,130,PC,0,PC,130,PC,,,BP5018200,04.09.2025,8200,WM10,8200,WL01,,,,,
1215824173,1,,9L7,VGP9790,FRONT RAIL 001925,10.09.2025,40,PC,0,PC,40,PC,,,BP5018200,04.09.2025,8200,WM10,8200,WL01,,,,,
1215824175,1,,9L7,VGP9800,FRONT RAIL 001926,10.09.2025,40,PC,0,PC,40,PC,,,BP5018200,04.09.2025,8200,WM10,8200,WL01,,,,,
1215824178,1,,9L7,VGQ0000,KEY COVER 001925,10.09.2025,40,PC,0,PC,40,PC,,,BP5018200,04.09.2025,8200,WM10,8200,WL01,,,,,
1215824180,1,,9L7,VGQ0010,KEY COVER 001926,10.09.2025,50,PC,0,PC,50,PC,,,BP5018200,04.09.2025,8200,WM10,8200,WL01,,,,,
1215824181,1,,9L7,VGQ332A,TOP BOARD WOODENASSY 001925,10.09.2025,40,PC,0,PC,40,PC,,,BP5018200,04.09.2025,8200,WM06,8200,WL01,,,,,
1215824182,1,,9L7,VGQ333A,TOP BOARD WOODENASSY 001926,10.09.2025,50,PC,0,PC,50,PC,,,BP5018200,04.09.2025,8200,WM06,8200,WL01,,,,,
1215824186,1,,9L7,VEW998A,KEYBED WOODENASSY 001188,10.09.2025,2,PC,1,PC,1,PC,,,BP5018200,04.09.2025,8200,WM10,8200,WL10,,,,,
1215824190,1,,9L7,VEX0350,BACK TOP RAIL S-ASSY 001188,10.09.2025,2,PC,0,PC,2,PC,,,BP5018200,04.09.2025,8200,WM10,8200,WL10,,,,,
1215824194,1,,9L7,VGU0240,KEYBED 001931,10.09.2025,2,PC,0,PC,2,PC,,,BP5018200,04.09.2025,8200,WM10,8200,WL10,,,,,
1215824215,1,,9L7,VGU189A,BACK TOP RAIL WOODENASSY 001925,10.09.2025,130,PC,0,PC,130,PC,,,BP5018200,04.09.2025,8200,WM10,8200,WL01,,,,,
1215824216,1,,9L7,VEX1130,U FRONT BOARD SILL 001188,10.09.2025,2,PC,0,PC,2,PC,,,BP5018200,04.09.2025,8200,WM10,8200,WL10,,,,,
1215824217,1,,9L7,VEX1400,MUSIC REST 001188,10.09.2025,4,PC,1,PC,3,PC,,,BP5018200,04.09.2025,8200,WM10,8200,WL10,,,,,
1215824268,1,,9L7,VFX0620,KEY STOP RAIL 001591,10.09.2025,70,PC,0,PC,70,PC,,,BP5018200,04.09.2025,8200,WM10,8200,WL02,,,,,
1215824279,1,,9L7,VGH4930,FRONT RAIL 001907,10.09.2025,20,PC,0,PC,20,PC,,,BP5018200,04.09.2025,8200,WM10,8200,WL01,,,,,
1215824280,1,,9L7,VGH4940,FRONT RAIL 001908,10.09.2025,70,PC,0,PC,70,PC,,,BP5018200,04.09.2025,8200,WM10,8200,WL01,,,,,
1215824281,1,,9L7,VGH4950,FRONT RAIL 001909,10.09.2025,50,PC,0,PC,50,PC,,,BP5018200,04.09.2025,8200,WM10,8200,WL01,,,,,
1215824282,1,,9L7,VGH5040,BACK TOP RAIL S-ASSY 001907,10.09.2025,40,PC,0,PC,40,PC,,,BP5018200,04.09.2025,8200,WM10,8200,WL01,,,,,
1215824283,1,,9L7,VGH5110,KEY COVER 001907,10.09.2025,20,PC,0,PC,20,PC,,,BP5018200,04.09.2025,8200,WM10,8200,WL01,,,,,
1215824284,1,,9L7,VGH5120,KEY COVER 001908,10.09.2025,80,PC,0,PC,80,PC,,,BP5018200,04.09.2025,8200,WM10,8200,WL01,,,,,
1215824286,1,,9L7,VGH5130,KEY COVER 001909,10.09.2025,50,PC,0,PC,50,PC,,,BP5018200,04.09.2025,8200,WM10,8200,WL01,,,,,
1215824288,1,,9L7,VGH5250,KEY COVER FR PANEL 001907,10.09.2025,20,PC,0,PC,20,PC,,,BP5018200,04.09.2025,8200,WM10,8200,WL01,,,,,
1215824289,1,,9L7,VGH5260,KEY COVER FR PANEL 001908,10.09.2025,80,PC,0,PC,80,PC,,,BP5018200,04.09.2025,8200,WM10,8200,WL01,,,,,
1215824290,1,,9L7,VGH5270,KEY COVER FR PANEL 001909,10.09.2025,50,PC,0,PC,50,PC,,,BP5018200,04.09.2025,8200,WM10,8200,WL01,,,,,
1215824292,1,,9L7,VGH5350,KEY COVER REAR PANEL 001907,10.09.2025,20,PC,0,PC,20,PC,,,BP5018200,04.09.2025,8200,WM10,8200,WL01,,,,,
1215824293,1,,9L7,VGH5360,KEY COVER REAR PANEL 001908,10.09.2025,80,PC,0,PC,80,PC,,,BP5018200,04.09.2025,8200,WM10,8200,WL01,,,,,
1215824294,1,,9L7,VGH5370,KEY COVER REAR PANEL 001909,10.09.2025,50,PC,0,PC,50,PC,,,BP5018200,04.09.2025,8200,WM10,8200,WL01,,,,,
1215824315,1,,9L7,VGJ007A,KEYBED WOODENASSY 001798,10.09.2025,10,PC,0,PC,10,PC,,,BP5018200,04.09.2025,8200,WM10,8200,WL01,,,,,
1215824323,1,,9L7,VGJ0610,FRONT PANEL 001798,10.09.2025,20,PC,0,PC,20,PC,,,BP5018200,04.09.2025,8200,WM06,8200,WL01,,,,,
1215824324,1,,9L7,VGJ0710,L-FRONT PANEL 001798,10.09.2025,10,PC,0,PC,10,PC,,,BP5018200,04.09.2025,8200,WM06,8200,WL01,,,,,
1215824325,1,,9L7,VGJ1420,BACK TOP RAIL S-ASSY 001905,10.09.2025,10,PC,0,PC,10,PC,,,BP5018200,04.09.2025,8200,WM10,8200,WL10,,,,,
1215824329,1,,9L7,VGJ1560,KEY STOP RAIL PRNT 001798,10.09.2025,10,PC,0,PC,10,PC,,,BP5018200,04.09.2025,8200,WM04,8200,WL01,,,,,
1215824359,1,,9L7,VGJ2160,KEY COVER FR PANEL 001798,10.09.2025,10,PC,0,PC,10,PC,,,BP5018200,04.09.2025,8200,WM10,8200,WL01,,,,,
1215824363,1,,9L7,VGJ969A,TOP BOARD WOODENASSY 001914,10.09.2025,20,PC,0,PC,20,PC,,,BP5018200,04.09.2025,8200,WM06,8200,WL01,,,,,
1215824364,1,,9L7,VGJ970A,TOP BOARD WOODENASSY 001915,10.09.2025,30,PC,0,PC,30,PC,,,BP5018200,04.09.2025,8200,WM06,8200,WL01,,,,,
1215824367,1,,9L7,VGJ9920,FRONT PANEL PRINTED 001913,10.09.2025,20,PC,0,PC,20,PC,,,BP5018200,04.09.2025,8200,WM04,8200,WL01,,,,,
1215824369,1,,9L7,VGJ9930,FRONT PANEL PRINTED 001914,10.09.2025,60,PC,0,PC,60,PC,,,BP5018200,04.09.2025,8200,WM04,8200,WL01,,,,,
1215824371,1,,9L7,VGJ9940,FRONT PANEL PRINTED 001915,10.09.2025,50,PC,0,PC,50,PC,,,BP5018200,04.09.2025,8200,WM04,8200,WL01,,,,,
1215824392,1,,9L7,VAH2780,MUSIC REST PRINTED 000136,10.09.2025,10,PC,0,PC,10,PC,999,,BP5018200,04.09.2025,8200,WM04,8200,WL06,,,,,
1215824431,1,,9L7,WW20920,PARTITION CLEAT 18 100 18,10.09.2025,50,PC,0,PC,50,PC,999,,BP5018200,04.09.2025,8200,WM04,8200,WL10,,,,,
1215824452,1,,9L7,VEF9600,FRONT BOARD GRILLE 001191,10.09.2025,10,PC,0,PC,10,PC,,,BP5018200,04.09.2025,8200,WM10,8200,WL10,,,,,
1215824454,1,,9L7,VEF9600,FRONT BOARD GRILLE 001191,10.09.2025,30,PC,0,PC,30,PC,,,BP5018200,04.09.2025,8200,WM10,8200,WL01,,,,,
1215824482,1,,9L7,VEX1060,FRONT DECO PANEL 001188,10.09.2025,10,PC,2,PC,8,PC,,,BP5018200,04.09.2025,8200,WM06,8200,WL10,,,,,
1215824484,1,,9L7,VEX1530,MUSIC STAND 001188,10.09.2025,3,PC,0,PC,3,PC,,,BP5018200,04.09.2025,8200,WM06,8200,WL10,,,,,
1215824504,1,,9L7,VEX1290,S PARTI BOARD S-ASSY 001188,10.09.2025,2,PC,0,PC,2,PC,,,BP5018200,04.09.2025,8200,WM10,8200,WL10,,,,,
1215824537,1,,9L7,VGH4220,TOP BOARD GRILLE 001907,10.09.2025,8,PC,0,PC,8,PC,,,BP5018200,04.09.2025,8200,WM10,8200,WL10,,,,,
1215824538,1,,9L7,VGH4220,TOP BOARD GRILLE 001907,10.09.2025,36,PC,0,PC,36,PC,,,BP5018200,04.09.2025,8200,WM10,8200,WL01,,,,,
1215824543,1,,9L7,VGJ0690,TOP BOARD GRILLE 001798,10.09.2025,10,PC,0,PC,10,PC,,,BP5018200,04.09.2025,8200,WM10,8200,WL01,,,,,
1215824615,1,,9L7,WU87160,COMPLETE ASSY BENCH BC-204PE J Y K,10.09.2025,8,PC,0,PC,8,PC,999,,BP5018200,04.09.2025,8200,WM04,8200,WL10,,,,,
1215824618,1,,9L7,VDH9220,TOP BOARD ASSY 000149,10.09.2025,60,PC,0,PC,60,PC,,,BP5018200,04.09.2025,8200,WM06,8200,WL02,,,,,
1215824623,1,,9L7,VGN028A,TOP BOARD WOODENASSY 001922,10.09.2025,20,PC,0,PC,20,PC,,,BP5018200,04.09.2025,8200,WM06,8200,WL01,,,,,
1215824632,1,,9L7,VEF8730,ARM ASSY L 001192 WHITE GRAIN,10.09.2025,10,PC,0,PC,10,PC,,,BP5018200,04.09.2025,8200,WM06,8200,WL01,,,,,
1215824633,1,,9L7,VEF8740,ARM ASSY R 001192 WHITE GRAIN,10.09.2025,10,PC,0,PC,10,PC,,,BP5018200,04.09.2025,8200,WM06,8200,WL01,,,,,
1215824658,1,,9L7,VJG0990,REAR PANEL SET 002550,10.09.2025,60,PC,0,PC,60,PC,,,BP5018200,04.09.2025,8200,WM10,8200,WL02,,,,,
1215824659,1,,9L7,VJG1040,SIDE BOARD L 002550,10.09.2025,60,PC,0,PC,60,PC,,,BP5018200,04.09.2025,8200,WM06,8200,WL02,,,,,
1215824660,1,,9L7,VJG1050,SIDE BOARD R 002550,10.09.2025,60,PC,0,PC,60,PC,,,BP5018200,04.09.2025,8200,WM06,8200,WL02,,,,,
1215824663,1,,9L7,VGJ007A,KEYBED WOODENASSY 001798,10.09.2025,20,PC,0,PC,20,PC,,,BP5018200,04.09.2025,8200,WM10,8200,WL10,,,,,
1215824668,1,,9L7,VGM4520,COMPLETE ASSY BENCH COMMON BC-205WB,10.09.2025,20,PC,0,PC,20,PC,,,BP5018200,04.09.2025,8200,WM04,8200,WL01,,,,,
1215824673,1,,9L7,WU31210,REAR LEG L PAINTED #3253,10.09.2025,6,PC,0,PC,6,PC,999,,BP5018200,04.09.2025,8200,WM04,8200,WL10,,,,,
1215824674,1,,9L7,WU31220,REAR LEG R PAINTED #3253,10.09.2025,6,PC,0,PC,6,PC,999,,BP5018200,04.09.2025,8200,WM04,8200,WL10,,,,,
1215824675,1,,9L7,VGH3950,SP BOX ASSY 001910,10.09.2025,16,PC,0,PC,16,PC,,,BP5018200,04.09.2025,8200,WM10,8200,WL01,,,,,
1215823281,1,,9L7,ZW31230,PEDAL BOX SUB ASSY #3670 WHITE GRAIN,10.09.2025,10,PC,0,PC,10,PC,999,,BP5018200,04.09.2025,8200,WM10,8200,WL01,,,,,
1215823287,1,,9L7,ZX84470,KEY COVER SUB ASSY 000104,10.09.2025,30,PC,0,PC,30,PC,,,BP5018200,04.09.2025,8200,WM10,8200,WL02,,,,,
1215823301,1,,9L7,ZV77350,FRONT LEG STAY R #3626,10.09.2025,20,PC,0,PC,20,PC,999,,BP5018200,04.09.2025,8200,WM06,8200,WL01,,,,,
1215823303,1,,9L7,ZP34520,PEDAL BOX SUB ASSY #3524,10.09.2025,10,PC,0,PC,10,PC,999,,BP5018200,04.09.2025,8200,WM10,8200,WL06,,,,,
1215823308,1,,9L7,ZX63350,REAR PANEL SET 000104,10.09.2025,20,PC,0,PC,20,PC,,,BP5018200,04.09.2025,8200,WM10,8200,WL02,,,,,
1215823355,1,,9L7,ZH25290,ARM ASSY L #3356 CLP-535R,10.09.2025,20,PC,0,PC,20,PC,999,,BP5018200,04.09.2025,8200,WM06,8200,WL02,,,,,
1215823356,1,,9L7,ZH25430,ARM ASSY R #3356 CLP-535R,10.09.2025,20,PC,0,PC,20,PC,999,,BP5018200,04.09.2025,8200,WM06,8200,WL02,,,,,
1215823358,1,,9L7,ZN83310,MUSIC REST PRINTED #3524,10.09.2025,10,PC,0,PC,10,PC,999,,BP5018200,04.09.2025,8200,WM04,8200,WL06,,,,,
1215823359,1,,9L7,ZP32880,BACK TOP RAIL S-ASSY #3524,10.09.2025,10,PC,0,PC,10,PC,999,,BP5018200,04.09.2025,8200,WM10,8200,WL06,,,,,
1215823360,1,,9L7,ZX25940,WIRE GUIDE BOARD ASY #3642,10.09.2025,30,PC,0,PC,30,PC,999,,BP5018200,04.09.2025,8200,WM04,8200,WL01,,,,,
1215823384,1,,9L7,ZW26570,REAR PANEL ASSY #3641 BLACK,10.09.2025,20,PC,0,PC,20,PC,999,,BP5018200,04.09.2025,8200,WM10,8200,WL01,,,,,
1215823385,1,,9L7,ZV77150,FRONT LEG STAY L #3626,10.09.2025,20,PC,0,PC,20,PC,999,,BP5018200,04.09.2025,8200,WM06,8200,WL01,,,,,
1215823386,1,,9L7,ZW30080,SIDE BOARD L #3641 BLACK GRAIN,10.09.2025,20,PC,0,PC,20,PC,999,,BP5018200,04.09.2025,8200,WM06,8200,WL01,,,,,
1215823387,1,,9L7,ZW31220,PEDAL BOX SUB ASSY #3641 BLACK GRAIN,10.09.2025,20,PC,0,PC,20,PC,999,,BP5018200,04.09.2025,8200,WM10,8200,WL01,,,,,
1215823388,1,,9L7,ZW39890,MUSIC REST PRINTED #3641,10.09.2025,20,PC,0,PC,20,PC,999,,BP5018200,04.09.2025,8200,WM04,8200,WL01,,,,,
1215823389,1,,9L7,ZW31750,KEY COVER #3641 BLACK GRAIN,10.09.2025,20,PC,0,PC,20,PC,999,,BP5018200,04.09.2025,8200,WM10,8200,WL01,,,,,
1215823404,1,,9L7,ZW29910,KEY COVER FR PANEL #3641 BLACK GRAIN,10.09.2025,20,PC,0,PC,20,PC,999,,BP5018200,04.09.2025,8200,WM10,8200,WL01,,,,,
1215823409,1,,9L7,ZP31210,FRONT GRILLE WOODEN #3528,10.09.2025,2,PC,0,PC,2,PC,999,,BP5018200,04.09.2025,8200,WM10,8200,WL10,,,,,
1215823410,1,,9L7,ZW30090,SIDE BOARD R #3641 BLACK GRAIN,10.09.2025,20,PC,0,PC,20,PC,999,,BP5018200,04.09.2025,8200,WM06,8200,WL01,,,,,
1215823415,1,,9L7,ZW26580,REAR PANEL ASSY #3670 WHITE GRAIN,10.09.2025,10,PC,0,PC,10,PC,999,,BP5018200,04.09.2025,8200,WM10,8200,WL01,,,,,
1215823430,1,,9L7,ZW30000,KEY COVER REAR PANEL #3641 BLACK GRAIN,10.09.2025,20,PC,0,PC,20,PC,999,,BP5018200,04.09.2025,8200,WM10,8200,WL01,,,,,
1215823432,1,,9L7,ZH47010,COMPLETE ASSY BENCH #3574 BC-205DR,10.09.2025,30,PC,0,PC,30,PC,999,,BP5018200,04.09.2025,8200,WM04,8200,WL02,,,,,
1215823433,1,,9L7,ZX82890,ARM ASSY L 000104,10.09.2025,30,PC,0,PC,30,PC,,,BP5018200,04.09.2025,8200,WM06,8200,WL02,,,,,
1215823457,1,,9L7,ZP53900,TOP BOARD SUB ASSY #3524 CVP-701B,10.09.2025,5,PC,0,PC,5,PC,999,,BP5018200,04.09.2025,8200,WM06,8200,WL06,,,,,
1215823460,1,,9L7,ZX82920,ARM ASSY R 000104,10.09.2025,30,PC,0,PC,30,PC,,,BP5018200,04.09.2025,8200,WM06,8200,WL02,,,,,
1215823465,1,,9L7,ZW28960,U FRONT BOARD SILL #3642 BLACK GRAIN,10.09.2025,20,PC,0,PC,20,PC,999,,BP5018200,04.09.2025,8200,WM10,8200,WL01,,,,,
1215823467,1,,9L7,ZV78030,FRONT LEG STAY R #3630,10.09.2025,10,PC,0,PC,10,PC,,,BP5018200,04.09.2025,8200,WM06,8200,WL10,,,,,
1215823468,1,,9L7,ZP53820,SIDE BOARD L #3524 CVP-701B/601B,10.09.2025,5,PC,0,PC,5,PC,999,,BP5018200,04.09.2025,8200,WM06,8200,WL06,,,,,
1215823469,1,,9L7,ZP53830,SIDE BOARD R #3524 CVP-701B/601B,10.09.2025,5,PC,0,PC,5,PC,999,,BP5018200,04.09.2025,8200,WM06,8200,WL06,,,,,
1215823470,1,,9L7,ZW39900,MUSIC REST PRINTED #3670,10.09.2025,10,PC,0,PC,10,PC,999,,BP5018200,04.09.2025,8200,WM04,8200,WL01,,,,,
1215823475,1,,9L7,ZT98260,SP BOX SUB ASSY #3477,10.09.2025,1,PC,0,PC,1,PC,999,,BP5018200,04.09.2025,8200,WM10,8200,WL10,,,,,
1215823482,1,,9L7,ZW31760,KEY COVER #3670 WHITE GRAIN,10.09.2025,10,PC,0,PC,10,PC,999,,BP5018200,04.09.2025,8200,WM10,8200,WL01,,,,,
1215823491,1,,9L7,ZW29920,KEY COVER FR PANEL #3670 WHITE GRAIN,10.09.2025,10,PC,0,PC,10,PC,999,,BP5018200,04.09.2025,8200,WM10,8200,WL01,,,,,
1215823492,1,,9L7,ZW30010,KEY COVER REAR PANEL #3670 WHITE GRAIN,10.09.2025,10,PC,0,PC,10,PC,999,,BP5018200,04.09.2025,8200,WM10,8200,WL01,,,,,
1215823503,1,,9L7,ZH24580,REAR PANEL ASSY #3356,10.09.2025,10,PC,0,PC,10,PC,999,,BP5018200,04.09.2025,8200,WM10,8200,WL02,,,,,
1215823507,1,,9L7,ZN76620,KEYBED UNIT #3524,10.09.2025,10,PC,0,PC,10,PC,999,,BP5018200,04.09.2025,8200,WM10,8200,WL06,,,,,
1215823516,1,,9L7,ZS48930,SIDE BOARD L #3558 ELB-02,10.09.2025,20,PC,0,PC,20,PC,999,,BP5018200,04.09.2025,8200,WM06,8200,WL04,,,,,
1215823527,1,,9L7,ZV25220,FRONT LEG L #3629,10.09.2025,20,PC,0,PC,20,PC,999,,BP5018200,04.09.2025,8200,WM06,8200,WL01,,,,,
1215823528,1,,9L7,ZX85250,SIDE BOARD L 000104,10.09.2025,20,PC,0,PC,20,PC,,,BP5018200,04.09.2025,8200,WM06,8200,WL02,,,,,
1215823534,1,,9L7,ZP34410,ARM ASSY L #3524 CVP-701B,10.09.2025,5,PC,0,PC,5,PC,999,,BP5018200,04.09.2025,8200,WM06,8200,WL06,,,,,
1215823535,1,,9L7,ZP53020,ARM ASSY R #3524 CVP-701B,10.09.2025,5,PC,0,PC,5,PC,999,,BP5018200,04.09.2025,8200,WM06,8200,WL06,,,,,
1215823553,1,,9L7,ZT89890,CLEAT MS #3477,10.09.2025,4,PC,0,PC,4,PC,999,,BP5018200,04.09.2025,8200,WM04,8200,WL10,,,,,
1215823573,1,,9L7,ZU11210,KEYBED #3477,10.09.2025,6,PC,0,PC,6,PC,999,,BP5018200,04.09.2025,8200,WM10,8200,WL10,,,,,
1215823576,1,,9L7,ZV25150,FRONT LEG L #3626,10.09.2025,20,PC,0,PC,20,PC,999,,BP5018200,04.09.2025,8200,WM06,8200,WL01,,,,,
1215823579,1,,9L7,ZH47010,COMPLETE ASSY BENCH #3574 BC-205DR,10.09.2025,10,PC,0,PC,10,PC,999,,BP5018200,04.09.2025,8200,WM04,8200,WL01,,,,,
1215823580,1,,9L7,ZH47040,COMPLETE ASSY BENCH #3577 BC-205BK,10.09.2025,20,PC,0,PC,20,PC,999,,BP5018200,04.09.2025,8200,WM04,8200,WL02,,,,,
1215823582,1,,9L7,ZR54310,REAR PANEL ASSY #3681,10.09.2025,50,PC,0,PC,50,PC,999,,BP5018200,04.09.2025,8200,WM10,8200,WL01,,,,,
1215823583,1,,9L7,ZS23930,REAR PANEL SET #3540,10.09.2025,20,PC,0,PC,20,PC,999,,BP5018200,04.09.2025,8200,WM10,8200,WL02,,,,,
1215823584,1,,9L7,ZS23940,REAR PANEL SET #3665,10.09.2025,140,PC,0,PC,140,PC,999,,BP5018200,04.09.2025,8200,WM10,8200,WL02,,,,,
1215823585,1,,9L7,ZS40730,REAR PANEL SET #3666,10.09.2025,80,PC,0,PC,80,PC,999,,BP5018200,04.09.2025,8200,WM10,8200,WL02,,,,,
1215823671,1,,9L7,ZG88590,REAR PANEL ASSY #3560,10.09.2025,90,PC,0,PC,90,PC,999,,BP5018200,04.09.2025,8200,WM10,8200,WL01,,,,,
1215823675,1,,9L7,ZH46960,COMPLETE ASSY BENCH #3568 BC-108DR,10.09.2025,40,PC,0,PC,40,PC,999,,BP5018200,04.09.2025,8200,WM04,8200,WL02,,,,,
1215823676,1,,9L7,ZH46960,COMPLETE ASSY BENCH #3568 BC-108DR,10.09.2025,40,PC,0,PC,40,PC,999,,BP5018200,04.09.2025,8200,WM04,8200,WL01,,,,,
1215823677,1,,9L7,ZV21800,KEYBED ASSY #3619,10.09.2025,20,PC,0,PC,20,PC,999,,BP5018200,04.09.2025,8200,WM10,8200,WL02,,,,,
1215823678,1,,9L7,ZH46980,COMPLETE ASSY BENCH #3571 BC-108BK,10.09.2025,70,PC,0,PC,70,PC,999,,BP5018200,04.09.2025,8200,WM04,8200,WL02,,,,,
1215823680,1,,9L7,ZH46990,COMPLETE ASSY BENCH #3572 BC-108WH,10.09.2025,110,PC,0,PC,110,PC,999,,BP5018200,04.09.2025,8200,WM04,8200,WL01,,,,,
1215823682,1,,9L7,ZH47000,COMPLETE ASSY BENCH #3573 BC-108PE,10.09.2025,20,PC,0,PC,20,PC,999,,BP5018200,04.09.2025,8200,WM04,8200,WL10,,,,,
1215823683,1,,9L7,ZV78020,FRONT LEG STAY L #3630,10.09.2025,10,PC,0,PC,10,PC,,,BP5018200,04.09.2025,8200,WM06,8200,WL10,,,,,
1215823686,1,,9L7,ZW31240,PEDAL BOX SUB ASSY #3671 BLACK,10.09.2025,4,PC,0,PC,4,PC,,,BP5018200,04.09.2025,8200,WM10,8200,WL10,,,,,
1215823688,1,,9L7,ZR54410,SIDE BOARD L #3681 CLP-525WH,10.09.2025,50,PC,0,PC,50,PC,999,,BP5018200,04.09.2025,8200,WM06,8200,WL01,,,,,
1215823689,1,,9L7,ZR54420,SIDE BOARD R #3681 CLP-525WH,10.09.2025,50,PC,0,PC,50,PC,999,,BP5018200,04.09.2025,8200,WM06,8200,WL01,,,,,
1215823690,1,,9L7,ZX82870,ARM ASSY L 000102,10.09.2025,95,PC,0,PC,95,PC,,,BP5018200,04.09.2025,8200,WM06,8200,WL02,,,,,
1215823692,1,,9L7,ZX82900,ARM ASSY R 000102,10.09.2025,95,PC,0,PC,95,PC,,,BP5018200,04.09.2025,8200,WM06,8200,WL02,,,,,
1215823693,1,,9L7,ZS24230,MUSIC REST ASSY #3540,10.09.2025,20,PC,0,PC,20,PC,999,,BP5018200,04.09.2025,8200,WM10,8200,WL02,,,,,
1215823694,1,,9L7,ZX85230,SIDE BOARD L 000102,10.09.2025,80,PC,0,PC,80,PC,,,BP5018200,04.09.2025,8200,WM06,8200,WL02,,,,,
1215823695,1,,9L7,ZS24440,SIDE BOARD L #3540 YDP-163WA,10.09.2025,20,PC,0,PC,20,PC,999,,BP5018200,04.09.2025,8200,WM06,8200,WL02,,,,,
1215823696,1,,9L7,ZS24450,SIDE BOARD L #3665 YDP-143/163WH,10.09.2025,140,PC,0,PC,140,PC,999,,BP5018200,04.09.2025,8200,WM06,8200,WL02,,,,,
1215823697,1,,9L7,ZX85260,SIDE BOARD R 000102,10.09.2025,100,PC,0,PC,100,PC,,,BP5018200,04.09.2025,8200,WM06,8200,WL02,,,,,
1215823698,1,,9L7,ZS24460,SIDE BOARD R #3540 YDP-163WA,10.09.2025,20,PC,0,PC,20,PC,999,,BP5018200,04.09.2025,8200,WM06,8200,WL02,,,,,
1215823699,1,,9L7,ZS24470,SIDE BOARD R #3665 YDP-143/163WH,10.09.2025,140,PC,0,PC,140,PC,999,,BP5018200,04.09.2025,8200,WM06,8200,WL02,,,,,
1215823700,1,,9L7,ZS40850,SIDE BOARD L #3666 YDP-103R,10.09.2025,20,PC,0,PC,20,PC,999,,BP5018200,04.09.2025,8200,WM06,8200,WL02,,,,,
1215823701,1,,9L7,ZS40860,SIDE BOARD R #3666 YDP-103R,10.09.2025,20,PC,0,PC,20,PC,999,,BP5018200,04.09.2025,8200,WM06,8200,WL02,,,,,
1215823705,1,,9L7,ZS55520,ARM ASSY L #3536 YDP-143B,10.09.2025,185,PC,0,PC,185,PC,999,,BP5018200,04.09.2025,8200,WM06,8200,WL02,,,,,
1215823708,1,,9L7,ZS55530,ARM ASSY R #3536 YDP-143B,10.09.2025,190,PC,0,PC,190,PC,999,,BP5018200,04.09.2025,8200,WM06,8200,WL02,,,,,
1215823862,1,,9L7,ZG90620,SIDE BOARD L #3560 CLP-525R,10.09.2025,40,PC,0,PC,40,PC,999,,BP5018200,04.09.2025,8200,WM06,8200,WL01,,,,,
1215823863,1,,9L7,ZG90630,SIDE BOARD L #3581 CLP-525B,10.09.2025,60,PC,0,PC,60,PC,999,,BP5018200,04.09.2025,8200,WM06,8200,WL01,,,,,
1215823864,1,,9L7,ZG90640,SIDE BOARD R #3560 CLP-525R,10.09.2025,40,PC,0,PC,40,PC,999,,BP5018200,04.09.2025,8200,WM06,8200,WL01,,,,,
1215823865,1,,9L7,ZG90650,SIDE BOARD R #3581 CLP-525B,10.09.2025,40,PC,0,PC,40,PC,999,,BP5018200,04.09.2025,8200,WM06,8200,WL01,,,,,
1215823866,1,,9L7,ZT40680,KEY COVER #3499,10.09.2025,290,PC,0,PC,290,PC,999,,BP5018200,04.09.2025,8200,WM10,8200,WL02,,,,,
1215823867,1,,9L7,ZT40700,KEY COVER #3681,10.09.2025,200,PC,0,PC,200,PC,999,,BP5018200,04.09.2025,8200,WM10,8200,WL02,,,,,
1215823868,1,,9L7,ZT40710,KEY COVER #3540,10.09.2025,20,PC,0,PC,20,PC,999,,BP5018200,04.09.2025,8200,WM10,8200,WL02,,,,,
1215823875,1,,9L7,ZW02570,FRONT PANEL PRINTED #3713,10.09.2025,20,PC,0,PC,20,PC,999,,BP5018200,04.09.2025,8200,WM04,8200,WL02,,,,,
1215823883,1,,9L7,ZX82730,KEYBED SUB ASSY 000102,10.09.2025,120,PC,0,PC,120,PC,,,BP5018200,04.09.2025,8200,WM10,8200,WL02,,,,,
1215823884,1,,9L7,ZX82830,BACK TOP RAIL ASSY 000102,10.09.2025,120,PC,0,PC,120,PC,999,,BP5018200,04.09.2025,8200,WM10,8200,WL02,,,,,
1215823885,1,,9L7,ZX84150,TOP BOARD 000102,10.09.2025,100,PC,0,PC,100,PC,,,BP5018200,04.09.2025,8200,WM06,8200,WL02,,,,,
1215823886,1,,9L7,ZX84170,TOP BOARD 000104,10.09.2025,20,PC,0,PC,20,PC,,,BP5018200,04.09.2025,8200,WM06,8200,WL02,,,,,
1215823888,1,,9L7,ZX84450,KEY COVER SUB ASSY 000102,10.09.2025,100,PC,0,PC,100,PC,,,BP5018200,04.09.2025,8200,WM10,8200,WL02,,,,,
1215824057,1,,9L7,ZH29630,FRONT RAIL #3356,10.09.2025,20,PC,0,PC,20,PC,999,,BP5018200,04.09.2025,8200,WM10,8200,WL02,,,,,
1215824074,1,,9L7,ZS37120,MUSIC REST PRINTED #3537,10.09.2025,130,PC,0,PC,130,PC,999,,BP5018200,04.09.2025,8200,WM04,8200,WL02,,,,,
1215824100,1,,9L7,ZS49760,MUSIC REST PRINTED #3535,10.09.2025,80,PC,0,PC,80,PC,999,,BP5018200,04.09.2025,8200,WM04,8200,WL02,,,,,
1215824105,1,,9L7,ZT40670,KEY COVER #3371,10.09.2025,150,PC,0,PC,150,PC,999,,BP5018200,04.09.2025,8200,WM10,8200,WL02,,,,,
1215824112,1,,9L7,ZX84640,KEY COVER FRONT PRNT 000102,10.09.2025,100,PC,0,PC,100,PC,999,,BP5018200,04.09.2025,8200,WM04,8200,WL02,,,,,
1215824113,1,,9L7,ZX84790,MUSIC STAND 000104,10.09.2025,20,PC,0,PC,20,PC,,,BP5018200,04.09.2025,8200,WM06,8200,WL02,,,,,
1215824114,1,,9L7,ZU88110,KEY COVER #3356,10.09.2025,20,PC,0,PC,20,PC,999,,BP5018200,04.09.2025,8200,WM10,8200,WL02,,,,,
1215824117,1,,9L7,ZV32410,KEY COVER BACK #3635,10.09.2025,20,PC,0,PC,20,PC,999,,BP5018200,04.09.2025,8200,WM10,8200,WL01,,,,,
1215824122,1,,9L7,ZZ02470,FRONT BOARD CLEAT 000105,10.09.2025,10,PC,0,PC,10,PC,999,,BP5018200,04.09.2025,8200,WM10,8200,WL10,,,,,
1215824124,1,,9L7,ZZ19210,BACK TOP RAIL S-ASSY 000105,10.09.2025,5,PC,0,PC,5,PC,999,,BP5018200,04.09.2025,8200,WM10,8200,WL10,,,,,
1215824316,1,,9L7,ZS25090,FRONT PANEL PRINTED #3538,10.09.2025,60,PC,0,PC,60,PC,999,,BP5018200,04.09.2025,8200,WM04,8200,WL02,,,,,
1215824318,1,,9L7,ZS25100,FRONT PANEL PRINTED #3539,10.09.2025,100,PC,0,PC,100,PC,999,,BP5018200,04.09.2025,8200,WM04,8200,WL02,,,,,
1215824319,1,,9L7,ZS25120,FRONT PANEL PRINTED #3665,10.09.2025,70,PC,0,PC,70,PC,999,,BP5018200,04.09.2025,8200,WM04,8200,WL02,,,,,
1215824321,1,,9L7,ZH29960,KEY COVER REAR PANEL #3356,10.09.2025,20,PC,0,PC,20,PC,999,,BP5018200,04.09.2025,8200,WM10,8200,WL02,,,,,
1215824331,1,,9L7,ZH8129A,KEY STOP RAIL WOODEN S-ASSY#3356,10.09.2025,20,PC,0,PC,20,PC,999,,BP5018200,04.09.2025,8200,WM10,8200,WL02,,,,,
1215824332,1,,9L7,ZH8129A,KEY STOP RAIL WOODEN S-ASSY#3356,10.09.2025,20,PC,0,PC,20,PC,999,,BP5018200,04.09.2025,8200,WM10,8200,WL01,,,,,
1215824334,1,,9L7,ZH8130A,KEY STOP RAIL WOODEN S-ASSY #3450,10.09.2025,40,PC,0,PC,40,PC,999,,BP5018200,04.09.2025,8200,WM10,8200,WL01,,,,,
1215824355,1,,9L7,ZH8133A,KEY STOP RAIL WOODEN S-ASSY #3582,10.09.2025,40,PC,0,PC,40,PC,999,,BP5018200,04.09.2025,8200,WM10,8200,WL01,,,,,
1215824358,1,,9L7,ZU85900,KEY COVER FR PANEL #3356,10.09.2025,20,PC,0,PC,20,PC,999,,BP5018200,04.09.2025,8200,WM10,8200,WL02,,,,,
1215824362,1,,9L7,ZV31020,FRONT PANEL PRINTED #3617,10.09.2025,50,PC,0,PC,50,PC,,,BP5018200,04.09.2025,8200,WM04,8200,WL01,,,,,
1215824370,1,,9L7,ZJ23660,BEAM #3445,10.09.2025,6,PC,0,PC,6,PC,,,BP5018200,04.09.2025,8200,WM10,8200,WL10,,,,,
1215824376,1,,9L7,ZY84580,BEAM 000106,10.09.2025,24,PC,0,PC,24,PC,999,,BP5018200,04.09.2025,8200,WM10,8200,WL10,,,,,
1215824378,1,,9L7,ZN32940,MUSIC STAND #3533 YDP-S52B,10.09.2025,100,PC,0,PC,100,PC,999,,BP5018200,04.09.2025,8200,WM06,8200,WL02,,,,,
1215824488,1,,9L7,ZV31000,FRONT PANEL PRINTED #3615,10.09.2025,40,PC,0,PC,40,PC,,,BP5018200,04.09.2025,8200,WM04,8200,WL01,,,,,
1215824489,1,,9L7,ZV31010,FRONT PANEL PRINTED #3616,10.09.2025,40,PC,0,PC,40,PC,,,BP5018200,04.09.2025,8200,WM04,8200,WL01,,,,,
1215824617,1,,9L7,ZX85280,SIDE BOARD R 000104,10.09.2025,20,PC,0,PC,20,PC,,,BP5018200,04.09.2025,8200,WM06,8200,WL02,,,,,
1215824655,1,,9L7,ZH46980,COMPLETE ASSY BENCH #3571 BC-108BK,10.09.2025,10,PC,0,PC,10,PC,999,,BP5018200,04.09.2025,8200,WM04,8200,WL06,,,,,
1215824656,1,,9L7,ZH46980,COMPLETE ASSY BENCH #3571 BC-108BK,10.09.2025,70,PC,0,PC,70,PC,999,,BP5018200,04.09.2025,8200,WM04,8200,WL01,,,,,
1215824669,1,,9L7,ZH46990,COMPLETE ASSY BENCH #3572 BC-108WH,10.09.2025,40,PC,0,PC,40,PC,999,,BP5018200,04.09.2025,8200,WM04,8200,WL02,,,,,
1215824685,1,,9L7,VEW9840,PEDAL BOX SUB ASSY 001188,10.09.2025,2,PC,0,PC,2,PC,,,BP5018200,04.09.2025,8200,WM10,8200,WL10,,,,,
1215824716,1,,9L7,VAQ3710,T.B. SPACER L 000133,10.09.2025,10,PC,0,PC,10,PC,,,BP5018200,04.09.2025,8200,WM04,8200,WL10,,,,,
1215824717,1,,9L7,VAQ3720,T.B. SPACER R 000133,10.09.2025,10,PC,0,PC,10,PC,,,BP5018200,04.09.2025,8200,WM04,8200,WL10,,,,,
1215824718,1,,9L7,VEX0990,T-FRONT PANEL 001188,10.09.2025,2,PC,0,PC,2,PC,,,BP5018200,04.09.2025,8200,WM10,8200,WL10,,,,,
1215824720,1,,9L7,VFV3520,KEY BLOCK L PRINTED 001695,10.09.2025,5,PC,0,PC,5,PC,,,BP5018200,04.09.2025,8200,WM04,8200,WL10,,,,,
1215824721,1,,9L7,VGJ0690,TOP BOARD GRILLE 001798,10.09.2025,10,PC,0,PC,10,PC,,,BP5018200,04.09.2025,8200,WM10,8200,WL10,,,,,
1215824729,1,,9L7,ZX84300,KEY STOP RAIL 000102,10.09.2025,100,PC,0,PC,100,PC,,,BP5018200,04.09.2025,8200,WM10,8200,WL02,,,,,
1215824730,1,,9L7,ZX84320,KEY STOP RAIL 000104,10.09.2025,20,PC,0,PC,20,PC,,,BP5018200,04.09.2025,8200,WM10,8200,WL02,,,,,
1215824733,1,,9L7,VGQ0180,FRONT LEG STAY L 001928,10.09.2025,10,PC,0,PC,10,PC,,,BP5018200,04.09.2025,8200,WM06,8200,WL10,,,,,
1215824735,1,,9L7,ZH26250,PEDAL BOX SUB ASSY #3356,10.09.2025,20,PC,0,PC,20,PC,999,,BP5018200,04.09.2025,8200,WM10,8200,WL02,,,,,
1215824736,1,,9L7,ZH27140,SIDE BOARD L #3356 CLP-535R,10.09.2025,20,PC,0,PC,20,PC,999,,BP5018200,04.09.2025,8200,WM06,8200,WL02,,,,,
1215824737,1,,9L7,ZH27200,SIDE BOARD R #3356 CLP-535R,10.09.2025,20,PC,0,PC,20,PC,999,,BP5018200,04.09.2025,8200,WM06,8200,WL02,,,,,
1215824738,1,,9L7,ZG88590,REAR PANEL ASSY #3560,10.09.2025,10,PC,0,PC,10,PC,999,,BP5018200,04.09.2025,8200,WM10,8200,WL10,,,,,
1215824739,1,,9L7,ZV25080,FRONT LEG L #3625,10.09.2025,20,PC,0,PC,20,PC,999,,BP5018200,04.09.2025,8200,WM06,8200,WL02,,,,,
1215824740,1,,9L7,ZV25090,FRONT LEG R #3625,10.09.2025,20,PC,0,PC,20,PC,999,,BP5018200,04.09.2025,8200,WM06,8200,WL02,,,,,
1215824741,1,,9L7,ZH47050,COMPLETE ASSY BENCH #3578 BC-205WH,10.09.2025,5,PC,3,PC,2,PC,999,,BP5018200,04.09.2025,8200,WM04,8200,WL10,,,,,
1215824742,1,,9L7,ZH47060,COMPLETE ASSY BENCH #3579 BC-205PE,10.09.2025,10,PC,0,PC,10,PC,999,,BP5018200,04.09.2025,8200,WM04,8200,WL10,,,,,
1215824743,1,,9L7,ZV77140,FRONT LEG STAY L #3625,10.09.2025,20,PC,0,PC,20,PC,999,,BP5018200,04.09.2025,8200,WM06,8200,WL02,,,,,
1215824744,1,,9L7,ZV77340,FRONT LEG STAY R #3625,10.09.2025,20,PC,0,PC,20,PC,999,,BP5018200,04.09.2025,8200,WM06,8200,WL02,,,,,
1215824745,1,,9L7,ZW30100,SIDE BOARD L #3670 WHITE GRAIN,10.09.2025,10,PC,0,PC,10,PC,999,,BP5018200,04.09.2025,8200,WM06,8200,WL01,,,,,
1215824746,1,,9L7,ZW30110,SIDE BOARD R #3670 WHITE GRAIN,10.09.2025,10,PC,0,PC,10,PC,,,BP5018200,04.09.2025,8200,WM06,8200,WL01,,,,,
1215824748,1,,9L7,VHF2550,PEDAL BOX SUB ASSY 001906,10.09.2025,10,PC,0,PC,10,PC,,,BP5018200,04.09.2025,8200,WM10,8200,WL10,,,,,
1215824749,1,,9L7,VGH3630,MUSIC REST ASSY 001910,10.09.2025,20,PC,0,PC,20,PC,,,BP5018200,04.09.2025,8200,WM10,8200,WL01,,,,,
1215824750,1,,9L7,VGH3730,ARM ASSY L 001910,10.09.2025,18,PC,0,PC,18,PC,,,BP5018200,04.09.2025,8200,WM06,8200,WL01,,,,,
1215824751,1,,9L7,VGH3740,ARM ASSY R 001910,10.09.2025,18,PC,0,PC,18,PC,,,BP5018200,04.09.2025,8200,WM06,8200,WL01,,,,,
1215824752,1,,9L7,ZV25160,FRONT LEG R #3626,10.09.2025,20,PC,0,PC,20,PC,999,,BP5018200,04.09.2025,8200,WM06,8200,WL01,,,,,
1215824754,1,,9L7,VEF9100,TOP BOARD SUB ASSY 001192 WHITE GRAIN,10.09.2025,10,PC,0,PC,10,PC,,,BP5018200,04.09.2025,8200,WM06,8200,WL01,,,,,
1215824757,1,,9L7,ZH2494A,TOP BOARD WOODENASSY #3356 CLP-535R,10.09.2025,20,PC,0,PC,20,PC,999,,BP5018200,04.09.2025,8200,WM06,8200,WL02,,,,,
1215824762,1,,9L7,ZW28970,U FRONT BOARD SILL #3668 WHITE GRAIN,10.09.2025,10,PC,0,PC,10,PC,,,BP5018200,04.09.2025,8200,WM10,8200,WL01,,,,,
1215824767,1,,9L7,ZY93020,TOP BOARD BACK 000208,10.09.2025,2,PC,0,PC,2,PC,999,,BP5018200,04.09.2025,8200,WM10,8200,WL10,,,,,
1215824772,1,,9L7,ZH47020,COMPLETE ASSY BENCH #3575 BC-205WA,10.09.2025,20,PC,0,PC,20,PC,999,,BP5018200,04.09.2025,8200,WM04,8200,WL02,,,,,
1215824807,1,,9L7,ZS19370,SPBOX ASSEMBLY EL #3558,10.09.2025,10,PC,0,PC,10,PC,999,,BP5018200,04.09.2025,8200,WM10,8200,WL04,,,,,
1215824808,1,,9L7,ZS46860,SEAT ASSEMBLY #3558,10.09.2025,10,PC,0,PC,10,PC,999,,BP5018200,04.09.2025,8200,WM04,8200,WL04,,,,,
1215824809,1,,9L7,ZS47050,LEG UNIT #3558,10.09.2025,40,PC,0,PC,40,PC,999,,BP5018200,04.09.2025,8200,WM04,8200,WL04,,,,,
1215824815,1,,9L7,ZS51670,PK BOX SUB ASSY #3558,10.09.2025,10,PC,0,PC,10,PC,999,,BP5018200,04.09.2025,8200,WM10,8200,WL04,,,,,
1215824816,1,,9L7,ZS52000,BACK TOP RAIL PRINT #3558/3559,10.09.2025,10,PC,0,PC,10,PC,999,,BP5018200,04.09.2025,8200,WM04,8200,WL04,,,,,
1215824820,1,,9L7,VGH3690,ARM ASSY L 001908,10.09.2025,24,PC,0,PC,24,PC,,,BP5018200,04.09.2025,8200,WM06,8200,WL01,,,,,
1215824821,1,,9L7,VGH3700,ARM ASSY R 001908,10.09.2025,18,PC,0,PC,18,PC,,,BP5018200,04.09.2025,8200,WM06,8200,WL01,,,,,
1215824822,1,,9L7,WF34140,GRILLE SUB ASSY ELB01 #2940,10.09.2025,20,PC,0,PC,20,PC,999,,BP5018200,04.09.2025,8200,WM10,8200,WL04,,,,,
1215824829,1,,9L7,ZS5135A,KEYBED WOODEN ASSY EL #3558/3559,10.09.2025,10,PC,0,PC,10,PC,999,,BP5018200,04.09.2025,8200,WM10,8200,WL04,,,,,
1215824830,1,,9L7,VDJ097A,KEY STOP RAIL WOODEN ASSY #3632,10.09.2025,20,PC,0,PC,20,PC,,,BP5018200,04.09.2025,8200,WM10,8200,WL01,,,,,
1215824833,1,,9L7,VGH356A,TOP BOARD WOODEN ASSY 001908,10.09.2025,30,PC,0,PC,30,PC,,,BP5018200,04.09.2025,8200,WM06,8200,WL01,,,,,
1215824865,1,,9L7,VGH4250,FRONT PANEL PRINTED 001908,10.09.2025,30,PC,0,PC,30,PC,,,BP5018200,04.09.2025,8200,WM04,8200,WL01,,,,,
1215824867,1,,9L7,ZZ12500,KEYBED 000105,10.09.2025,6,PC,0,PC,6,PC,999,,BP5018200,04.09.2025,8200,WM10,8200,WL10,,,,,
1215824875,1,,9L7,ZC09390,COMPLETE ASSY BENCH BC-102BK,10.09.2025,6,PC,0,PC,6,PC,999,,BP5018200,04.09.2025,8200,WM04,8200,WL01,,,,,
1215824887,1,,9L7,VGN027A,TOP BOARD WOODENASSY 001921,10.09.2025,20,PC,0,PC,20,PC,,,BP5018200,04.09.2025,8200,WM06,8200,WL01,,,,,
1215824894,1,,9L7,VGU2820,PEDAL BOX SUB ASSY 001931,10.09.2025,6,PC,1,PC,5,PC,,,BP5018200,04.09.2025,8200,WM10,8200,WL10,,,,,
1215824917,1,,9L7,VGU2710,SP GRILLE 001931,10.09.2025,5,PC,0,PC,5,PC,,,BP5018200,04.09.2025,8200,WM04,8200,WL10,,,,,
1215824918,1,,9L7,VGQ0220,FRONT LEG STAY R 001928,10.09.2025,10,PC,0,PC,10,PC,,,BP5018200,04.09.2025,8200,WM06,8200,WL10,,,,,
1215824925,1,,9L7,VFV3530,KEY BLOCK L PRINTED 001694,10.09.2025,5,PC,0,PC,5,PC,,,BP5018200,04.09.2025,8200,WM04,8200,WL06,,,,,
1215824932,1,,9L7,VGJ0770,CLEAT FP 5.5 70 50,10.09.2025,100,PC,0,PC,100,PC,,,BP5018200,04.09.2025,8200,WM04,8200,WL01,,,,,
1216033292,1,,9L7,VEX4860,TOP BOARD ASSY 001363,10.09.2025,60,PC,0,PC,60,PC,,,BP5018200,09.09.2025,8200,WM06,8200,WL02,,,,,
1216033295,1,,9L7,ZS41050,ARM ASSY L #3535 YDP-143R/103R,10.09.2025,85,PC,0,PC,85,PC,999,,BP5018200,09.09.2025,8200,WM06,8200,WL02,,,,,
1216033298,1,,9L7,ZS41060,ARM ASSY R #3535 YDP-143R/103R,10.09.2025,85,PC,0,PC,85,PC,999,,BP5018200,09.09.2025,8200,WM06,8200,WL02,,,,,
1216033302,1,,9L7,ZX85230,SIDE BOARD L 000102,10.09.2025,20,PC,0,PC,20,PC,,,BP5018200,09.09.2025,8200,WM06,8200,WL02,,,,,
1216033303,1,,9L7,ZX85260,SIDE BOARD R 000102,10.09.2025,20,PC,0,PC,20,PC,,,BP5018200,09.09.2025,8200,WM06,8200,WL02,,,,,
1216033310,1,,9L7,VGK6770,ARM ASSY L 001913,10.09.2025,24,PC,0,PC,24,PC,,,BP5018200,09.09.2025,8200,WM06,8200,WL01,,,,,
1216033311,1,,9L7,VGK6800,ARM ASSY L 001916,10.09.2025,6,PC,0,PC,6,PC,,,BP5018200,09.09.2025,8200,WM06,8200,WL01,,,,,
1216210385,1,,9L7,VGH5970,FRONT LEG STAY R 001909,10.09.2025,10,PC,0,PC,10,PC,,,BP5018200,10.09.2025,8200,WM06,8200,WL01,,,,,
1216210388,1,,9L7,VGJ969A,TOP BOARD WOODENASSY 001914,10.09.2025,10,PC,0,PC,10,PC,,,BP5018200,10.09.2025,8200,WM06,8200,WL01,,,,,
1216210392,1,,9L7,VGK6840,ARM ASSY R 001913,10.09.2025,18,PC,0,PC,18,PC,,,BP5018200,10.09.2025,8200,WM06,8200,WL01,,,,,
1216210408,1,,9L7,VEH2490,FRONT RAIL 001368,10.09.2025,10,PC,0,PC,10,PC,,,BP5018200,10.09.2025,8200,WM10,8200,WL02,,,,,
,,,,,,,,,,,,,,,,,,,,,,,,,
,,,,,,,4,SET,0,SET,4,SET,,,,,,,,,,,,,
,,,,,,,"20,444",PC,28,PC,"20,416",PC,,,,,,,,,,,,,
